 1   drift   8.1058      2.0    2.0      20                                                                                                                                                                                                                      
 1   updat   0.0   0.0   0.0    0.0    0.25   0.25                                                                                                                                                                                                               
 1   drift   0.52        2.0    2.0       4                                                                                                                                                                                                                      
 9   sol3d  38833.82    40.0    2.0     100                                                                                                                                                                                                                      
 1   drift   3.06        2.0    2.0      10                                                                                                                                                                                                                      
14  cav      25.00000    1.00    0.13500E+01     0.000  -38.75  100
 1   matrx                                                                                                                                                                                                                                                       
 2   updat   0.0   0.0   0.0    0.0    0.25   0.25                                                                                                                                                                                                               
 1   drift   0.52        2.0    2.0       4                                                                                                                                                                                                                      
 9   sol3d  39188.31    40.0    2.0     100                                                                                                                                                                                                                      
 1   drift   3.06        2.0    2.0      10                                                                                                                                                                                                                      
14  cav      25.00000    1.00    0.17000E+01     0.000  -30.04  100
 2   matrx                                                                                                                                                                                                                                                       
 3   updat   0.0   0.0   0.0    0.0    0.25   0.25                                                                                                                                                                                                               
 1   drift   0.52        2.0    2.0       4                                                                                                                                                                                                                      
 9   sol3d  37644.90    40.0    2.0     100                                                                                                                                                                                                                      
 1   drift   3.06        2.0    2.0      10                                                                                                                                                                                                                      
14  cav      25.00000    1.00    0.20500E+01     0.000  -30.07  100
 3   matrx                                                                                                                                                                                                                                                       
 4   updat   0.0   0.0   0.0    0.0    0.25   0.25                                                                                                                                                                                                               
 1   drift   0.52        2.0    2.0       4                                                                                                                                                                                                                      
 9   sol3d  37729.57    40.0    2.0     100                                                                                                                                                                                                                      
 1   drift   3.06        2.0    2.0      10                                                                                                                                                                                                                      
14  cav      25.00000    1.00    0.24000E+01     0.000  -31.26  100
 4   matrx                                                                                                                                                                                                                                                       
 5   updat   0.0   0.0   0.0    0.0    0.25   0.25                                                                                                                                                                                                               
 1   drift   0.52        2.0    2.0       4                                                                                                                                                                                                                      
 9   sol3d  36194.01    40.0    2.0     100                                                                                                                                                                                                                      
 1   drift   3.06        2.0    2.0      10                                                                                                                                                                                                                      
14  cav      25.00000    1.00    0.27500E+01     0.000  -34.71  100
 5   matrx                                                                                                                                                                                                                                                       
 6   updat   0.0   0.0   0.0    0.0    0.25   0.25                                                                                                                                                                                                               
 1   drift   0.52        2.0    2.0       4                                                                                                                                                                                                                      
 9   sol3d  34011.01    40.0    2.0     100                                                                                                                                                                                                                      
 1   drift   3.06        2.0    2.0      10                                                                                                                                                                                                                      
14  cav      25.00000    1.00    0.27500E+01     0.000  -30.03  100
 6   matrx                                                                                                                                                                                                                                                       
 !6  scrch                                                                                                                                                                                                                                                       
 7   updat   0.0   0.0   0.0    0.0    0.25   0.25                                                                                                                                                                                                               
 1   drift   0.52        2.0    2.0       4                                                                                                                                                                                                                      
 9   sol3d  37861.06    40.0    2.0     100                                                                                                                                                                                                                      
 1   drift   3.06        2.0    2.0      10                                                                                                                                                                                                                      
14  cav      25.00000    1.00    0.27500E+01     0.000  -25.28  100
 1   drift  24.036       2.0    2.0      50                                                                                                                                                                                                                      
 1   drift  26.6         2.0    2.0      20                                                                                                                                                                                                                      
 !7  scrch                                                                                                                                                                                                                                                       
 1   drift   8.1058      2.0    2.0      20                                                                                                                                                                                                                      
 7   matrx                                                                                                                                                                                                                                                       
 !0   stop                                                                                                                                                                                                                                                       
 8   updat   0.0   0.0   0.0    0.0    0.25   0.25                                                                                                                                                                                                               
 1   drift   0.52        2.0    2.0       4                                                                                                                                                                                                                      
 9   sol3d  41991.72    40.0    2.0     100                                                                                                                                                                                                                      
 1   drift   3.06        2.0    2.0       2                                                                                                                                                                                                                      
25  cav      50.00000    1.00    0.61500E+01     0.000  -36.06  100
 1   drift  16.4         2.0    2.0      20                                                                                                                                                                                                                      
25  cav      50.00000    1.00    0.61500E+01     0.000  -18.56  100
 8   matrx                                                                                                                                                                                                                                                       
 9   updat   0.0   0.0   0.0    0.0    0.25   0.25                                                                                                                                                                                                               
 1   drift   0.52        2.0    2.0       4                                                                                                                                                                                                                      
 9   sol3d  44638.00    40.0    2.0     100                                                                                                                                                                                                                      
 1   drift   3.06        2.0    2.0       2                                                                                                                                                                                                                      
25  cav      50.00000    1.00    0.61500E+01     0.000  -16.26  100
 1   drift  16.4         2.0    2.0      20                                                                                                                                                                                                                      
25  cav      50.00000    1.00    0.61500E+01     0.000  -29.47  100
 9   matrx                                                                                                                                                                                                                                                       
 10  updat   0.0   0.0   0.0    0.0    0.25   0.25                                                                                                                                                                                                               
 1   drift   0.52        2.0    2.0       4                                                                                                                                                                                                                      
 9   sol3d  49059.94    40.0    2.0     100                                                                                                                                                                                                                      
 1   drift   3.06        2.0    2.0       2                                                                                                                                                                                                                      
25  cav      50.00000    1.00    0.61500E+01     0.000  -29.99  100
 1   drift  16.4         2.0    2.0      20                                                                                                                                                                                                                      
25  cav      50.00000    1.00    0.61500E+01     0.000  -29.34  100
 10  matrx                                                                                                                                                                                                                                                       
 !10 scrch                                                                                                                                                                                                                                                       
 11  updat   0.0   0.0   0.0    0.0    0.25   0.25                                                                                                                                                                                                               
 1   drift   0.52        2.0    2.0       4                                                                                                                                                                                                                      
 9   sol3d  45944.94    40.0    2.0     100                                                                                                                                                                                                                      
 1   drift   3.06        2.0    2.0       2                                                                                                                                                                                                                      
25  cav      50.00000    1.00    0.61500E+01     0.000  -15.95  100
 1   drift  24.036       2.0    2.0      20                                                                                                                                                                                                                      
 1   drift  26.6         2.0    2.0      20                                                                                                                                                                                                                      
 !11  scrch                                                                                                                                                                                                                                                      
 1   drift   8.1058      2.0    2.0      20                                                                                                                                                                                                                      
 11  matrx                                                                                                                                                                                                                                                       
 !0   stop                                                                                                                                                                                                                                                       
 12  updat   0.0   0.0   0.0    0.0    0.25   0.25                                                                                                                                                                                                               
 1   drift   0.52        2.0    2.0       4                                                                                                                                                                                                                      
 9   sol3d  40197.63    40.0    2.0     100                                                                                                                                                                                                                      
 1   drift   3.06        2.0    2.0       2                                                                                                                                                                                                                      
25  cav      50.00000    1.00    0.61500E+01     0.000  -15.21  100
 1   drift  16.4         2.0    2.0      20                                                                                                                                                                                                                      
25  cav      50.00000    1.00    0.61500E+01     0.000  -15.03  100
 12  matrx                                                                                                                                                                                                                                                       
 13  updat   0.0   0.0   0.0    0.0    0.25   0.25                                                                                                                                                                                                               
 1   drift   0.52        2.0    2.0       4                                                                                                                                                                                                                      
 9   sol3d  45339.64    40.0    2.0     100                                                                                                                                                                                                                      
 1   drift   3.06        2.0    2.0       2                                                                                                                                                                                                                      
25  cav      50.00000    1.00    0.61500E+01     0.000  -29.96  100
 1   drift  16.4         2.0    2.0      20                                                                                                                                                                                                                      
25  cav      50.00000    1.00    0.61500E+01     0.000  -29.95  100
 13  matrx                                                                                                                                                                                                                                                       
 !13 scrch                                                                                                                                                                                                                                                       
 14  updat   0.0   0.0   0.0    0.0    0.25   0.25                                                                                                                                                                                                               
 1   drift   0.52        2.0    2.0       4                                                                                                                                                                                                                      
 9   sol3d  48095.20    40.0    2.0     100                                                                                                                                                                                                                      
 1   drift   3.06        2.0    2.0       2                                                                                                                                                                                                                      
25  cav      50.00000    1.00    0.61500E+01     0.000  -29.96  100
 1   drift  16.4         2.0    2.0      20                                                                                                                                                                                                                      
25  cav      50.00000    1.00    0.61500E+01     0.000  -29.98  100
 14  matrx                                                                                                                                                                                                                                                       
 !14 scrch                                                                                                                                                                                                                                                       
 15  updat   0.0   0.0   0.0    0.0    0.25   0.25                                                                                                                                                                                                               
 1   drift   0.52        2.0    2.0       4                                                                                                                                                                                                                      
 9   sol3d  45697.75    40.0    2.0     100                                                                                                                                                                                                                      
 1   drift   3.06        2.0    2.0       2                                                                                                                                                                                                                      
25  cav      50.00000    1.00    0.61500E+01     0.000  -29.99  100
 1   drift  24.036       2.0    2.0      20                                                                                                                                                                                                                      
 1   drift  26.6         2.0    2.0      20                                                                                                                                                                                                                      
 !15  scrch                                                                                                                                                                                                                                                      
 1   drift   8.1058      2.0    2.0      20                                                                                                                                                                                                                      
 15  matrx                                                                                                                                                                                                                                                       
 !0  stop                                                                                                                                                                                                                                                        
 16  updat   0.0   0.0   0.0    0.0    0.25   0.25                                                                                                                                                                                                               
 1   drift   0.52        2.0    2.0       4                                                                                                                                                                                                                      
 9   sol3d  53876.16    40.0    2.0     100                                                                                                                                                                                                                      
 1   drift   3.06        2.0    2.0       2                                                                                                                                                                                                                      
30  cav      50.00000    2.00    0.77200E+01     0.000  -25.00  100
 1   drift  16.4         2.0    2.0      20                                                                                                                                                                                                                      
30  cav      50.00000    2.00    0.77200E+01     0.000  -25.00  100
 16  matrx                                                                                                                                                                                                                                                       
 17  updat   0.0   0.0   0.0    0.0    0.25   0.25                                                                                                                                                                                                               
 1   drift   0.52        2.0    2.0       4                                                                                                                                                                                                                      
 9   sol3d  56085.58    40.0    2.0     100                                                                                                                                                                                                                      
 1   drift   3.06        2.0    2.0       2                                                                                                                                                                                                                      
30  cav      50.00000    2.00    0.77200E+01     0.000  -25.00  100
 1   drift  16.4         2.0    2.0      20                                                                                                                                                                                                                      
30  cav      50.00000    2.00    0.77200E+01     0.000  -25.00  100
 17  matrx                                                                                                                                                                                                                                                       
 18  updat   0.0   0.0   0.0    0.0    0.25   0.25                                                                                                                                                                                                               
 1   drift   0.52        2.0    2.0       4                                                                                                                                                                                                                      
 9   sol3d  58759.58    40.0    2.0     100                                                                                                                                                                                                                      
 1   drift   3.06        2.0    2.0       2                                                                                                                                                                                                                      
30  cav      50.00000    2.00    0.77200E+01     0.000  -25.00  100
 1   drift  16.4         2.0    2.0      20                                                                                                                                                                                                                      
30  cav      50.00000    2.00    0.77200E+01     0.000  -25.00  100
 18  matrx                                                                                                                                                                                                                                                       
 !18 scrch                                                                                                                                                                                                                                                       
 19  updat   0.0   0.0   0.0    0.0    0.25   0.25                                                                                                                                                                                                               
 1   drift   0.52        2.0    2.0       4                                                                                                                                                                                                                      
 9   sol3d  60144.47    40.0    2.0     100                                                                                                                                                                                                                      
 1   drift   3.06        2.0    2.0       2                                                                                                                                                                                                                      
30  cav      50.00000    2.00    0.77200E+01     0.000  -25.00  100
 1   drift  24.036       2.0    2.0      20                                                                                                                                                                                                                      
 1   drift  26.6         2.0    2.0      20                                                                                                                                                                                                                      
 !19 scrch                                                                                                                                                                                                                                                       
 1   drift   8.1058      2.0    2.0      20                                                                                                                                                                                                                      
 19  matrx                                                                                                                                                                                                                                                       
 20  updat   0.0   0.0   0.0    0.0    0.25   0.25                                                                                                                                                                                                               
 1   drift   0.52        2.0    2.0       4                                                                                                                                                                                                                      
 9   sol3d  55992.96    40.0    2.0     100                                                                                                                                                                                                                      
 1   drift   3.06        2.0    2.0       2                                                                                                                                                                                                                      
30  cav      50.00000    2.00    0.77200E+01     0.000  -25.00  100
 1   drift  16.4         2.0    2.0      20                                                                                                                                                                                                                      
30  cav      50.00000    2.00    0.77200E+01     0.000  -25.00  100
 20  matrx                                                                                                                                                                                                                                                       
 21  updat   0.0   0.0   0.0    0.0    0.25   0.25                                                                                                                                                                                                               
 1   drift   0.52        2.0    2.0       4                                                                                                                                                                                                                      
 9   sol3d  60359.38    40.0    2.0     100                                                                                                                                                                                                                      
 1   drift   3.06        2.0    2.0       2                                                                                                                                                                                                                      
30  cav      50.00000    2.00    0.77200E+01     0.000  -25.00  100
 1   drift  16.4         2.0    2.0      20                                                                                                                                                                                                                      
30  cav      50.00000    2.00    0.77200E+01     0.000  -25.00  100
 21  matrx                                                                                                                                                                                                                                                       
 22  updat   0.0   0.0   0.0    0.0    0.25   0.25                                                                                                                                                                                                               
 1   drift   0.52        2.0    2.0       4                                                                                                                                                                                                                      
 9   sol3d  58425.83    40.0    2.0     100                                                                                                                                                                                                                      
 1   drift   3.06        2.0    2.0       2                                                                                                                                                                                                                      
30  cav      50.00000    2.00    0.77200E+01     0.000  -25.00  100
 1   drift  16.4         2.0    2.0      20                                                                                                                                                                                                                      
30  cav      50.00000    2.00    0.77200E+01     0.000  -25.00  100
 22  matrx                                                                                                                                                                                                                                                       
 !22 scrch                                                                                                                                                                                                                                                       
 23  updat   0.0   0.0   0.0    0.0    0.25   0.25                                                                                                                                                                                                               
 1   drift   0.52        2.0    2.0       4                                                                                                                                                                                                                      
 9   sol3d  59783.67    40.0    2.0     100                                                                                                                                                                                                                      
 1   drift   3.06        2.0    2.0       2                                                                                                                                                                                                                      
30  cav      50.00000    2.00    0.77200E+01     0.000  -25.00  100
 1   drift  24.036       2.0    2.0      20                                                                                                                                                                                                                      
 1   drift  26.6         2.0    2.0      20                                                                                                                                                                                                                      
 !23 scrch                                                                                                                                                                                                                                                       
 1   drift   8.1058      2.0    2.0      20                                                                                                                                                                                                                      
 23  matrx                                                                                                                                                                                                                                                       
 24  updat   0.0   0.0   0.0    0.0    0.25   0.25                                                                                                                                                                                                               
 1   drift   0.52        2.0    2.0       4                                                                                                                                                                                                                      
 9   sol3d  53696.17    40.0    2.0     100                                                                                                                                                                                                                      
 1   drift   3.06        2.0    2.0       2                                                                                                                                                                                                                      
30  cav      50.00000    2.00    0.77200E+01     0.000  -25.00  100
 1   drift  16.4         2.0    2.0      20                                                                                                                                                                                                                      
30  cav      50.00000    2.00    0.77200E+01     0.000  -25.00  100
 24  matrx                                                                                                                                                                                                                                                       
 25  updat   0.0   0.0   0.0    0.0    0.25   0.25                                                                                                                                                                                                               
 1   drift   0.52        2.0    2.0       4                                                                                                                                                                                                                      
 9   sol3d  58731.85    40.0    2.0     100                                                                                                                                                                                                                      
 1   drift   3.06        2.0    2.0       2                                                                                                                                                                                                                      
30  cav      50.00000    2.00    0.77200E+01     0.000  -25.00  100
 1   drift  16.4         2.0    2.0      20                                                                                                                                                                                                                      
30  cav      50.00000    2.00    0.77200E+01     0.000  -25.00  100
 25  matrx                                                                                                                                                                                                                                                       
 26  updat   0.0   0.0   0.0    0.0    0.25   0.25                                                                                                                                                                                                               
 1   drift   0.52        2.0    2.0       4                                                                                                                                                                                                                      
 9   sol3d  62042.32    40.0    2.0     100                                                                                                                                                                                                                      
 1   drift   3.06        2.0    2.0       2                                                                                                                                                                                                                      
30  cav      50.00000    2.00    0.77200E+01     0.000  -25.00  100
 1   drift  16.4         2.0    2.0      20                                                                                                                                                                                                                      
30  cav      50.00000    2.00    0.77200E+01     0.000  -25.00  100
 26  matrx                                                                                                                                                                                                                                                       
 !26 scrch                                                                                                                                                                                                                                                       
 27  updat   0.0   0.0   0.0    0.0    0.25   0.25                                                                                                                                                                                                               
 1   drift   0.52        2.0    2.0       4                                                                                                                                                                                                                      
 9   sol3d  57157.85    40.0    2.0     100                                                                                                                                                                                                                      
 1   drift   3.06        2.0    2.0       2                                                                                                                                                                                                                      
30  cav      50.00000    2.00    0.77200E+01     0.000  -25.00  100
 1   drift  24.036       2.0    2.0      20                                                                                                                                                                                                                      
 1   drift  26.6         2.0    2.0      20                                                                                                                                                                                                                      
 !27 scrch                                                                                                                                                                                                                                                       
 1   drift   8.1058      2.0    2.0      20                                                                                                                                                                                                                      
 27  matrx                                                                                                                                                                                                                                                       
 28  updat   0.0   0.0   0.0    0.0    0.25   0.25                                                                                                                                                                                                               
 1   drift   0.52        2.0    2.0       4                                                                                                                                                                                                                      
 9   sol3d  57798.20    40.0    2.0     100                                                                                                                                                                                                                      
 1   drift   3.06        2.0    2.0       2                                                                                                                                                                                                                      
30  cav      50.00000    2.00    0.77200E+01     0.000  -25.00  100
 1   drift  16.4         2.0    2.0      20                                                                                                                                                                                                                      
30  cav      50.00000    2.00    0.77200E+01     0.000  -25.00  100
 28  matrx                                                                                                                                                                                                                                                       
 29  updat   0.0   0.0   0.0    0.0    0.25   0.25                                                                                                                                                                                                               
 1   drift   0.52        2.0    2.0       4                                                                                                                                                                                                                      
 9   sol3d  60048.03    40.0    2.0     100                                                                                                                                                                                                                      
 1   drift   3.06        2.0    2.0       2                                                                                                                                                                                                                      
30  cav      50.00000    2.00    0.77200E+01     0.000  -25.00  100
 1   drift  16.4         2.0    2.0      20                                                                                                                                                                                                                      
30  cav      50.00000    2.00    0.77200E+01     0.000  -25.00  100
 29  matrx                                                                                                                                                                                                                                                       
 30  updat   0.0   0.0   0.0    0.0    0.25   0.25                                                                                                                                                                                                               
 1   drift   0.52        2.0    2.0       4                                                                                                                                                                                                                      
 9   sol3d  62031.55    40.0    2.0     100                                                                                                                                                                                                                      
 1   drift   3.06        2.0    2.0       2                                                                                                                                                                                                                      
30  cav      50.00000    2.00    0.77200E+01     0.000  -25.00  100
 1   drift  16.4         2.0    2.0      20                                                                                                                                                                                                                      
30  cav      50.00000    2.00    0.77200E+01     0.000  -25.00  100
 30  matrx                                                                                                                                                                                                                                                       
 !30 scrch                                                                                                                                                                                                                                                       
 31  updat   0.0   0.0   0.0    0.0    0.25   0.25                                                                                                                                                                                                               
 1   drift   0.52        2.0    2.0       4                                                                                                                                                                                                                      
 9   sol3d  37866.67    40.0    2.0     100                                                                                                                                                                                                                      
 1   drift   3.06        2.0    2.0       2                                                                                                                                                                                                                      
30  cav      50.00000    2.00    0.77200E+01     0.000  -25.00  100
 1   drift  24.036       2.0    2.0      20                                                                                                                                                                                                                      
 1   drift  26.6         2.0    2.0      20                                                                                                                                                                                                                      
 1   drift   8.1058      2.0    2.0      20                                                                                                                                                                                                                      
 31  matrx                                                                                                                                                                                                                                                       
 !31 scrch                                                                                                                                                                                                                                                       
 !0   stop                                                                                                                                                                                                                                                       
 32  updat   0.0   0.0   0.0    0.0    0.25   0.25                                                                                                                                                                                                               
 1   drift   0.52        2.0    2.0       4                                                                                                                                                                                                                      
 11  sol3d  72010.79    50.0    2.0     100                                                                                                                                                                                                                      
 1   drift   3.06        2.0    2.0       2                                                                                                                                                                                                                      
40  cav      92.00000    4.00    0.77200E+01     0.000  -20.00  100
 1   drift  16.4         2.0    2.0      20                                                                                                                                                                                                                      
40  cav      92.00000    4.00    0.77200E+01     0.000  -20.00  100
 1   drift  16.4         2.0    2.0      20                                                                                                                                                                                                                      
40  cav      92.00000    4.00    0.77200E+01     0.000  -20.00  100
 32  matrx                                                                                                                                                                                                                                                       
 33  updat   0.0   0.0   0.0    0.0    0.25   0.25                                                                                                                                                                                                               
 1   drift   0.52        2.0    2.0       4                                                                                                                                                                                                                      
 11  sol3d  78758.95    50.0    2.0     100                                                                                                                                                                                                                      
 1   drift   3.06        2.0    2.0       2                                                                                                                                                                                                                      
40  cav      92.00000    4.00    0.77200E+01     0.000  -20.00  100
 1   drift  16.4         2.0    2.0      20                                                                                                                                                                                                                      
40  cav      92.00000    4.00    0.77200E+01     0.000  -20.00  100
 1   drift  16.4         2.0    2.0      20                                                                                                                                                                                                                      
40  cav      92.00000    4.00    0.77200E+01     0.000  -20.00  100
 1   drift  24.036       2.0    2.0      20                                                                                                                                                                                                                      
 1   drift  26.6         2.0    2.0      20                                                                                                                                                                                                                      
 !33 scrch                                                                                                                                                                                                                                                       
 1   drift   8.1058      2.0    2.0      20                                                                                                                                                                                                                      
 33  matrx                                                                                                                                                                                                                                                       
 34  updat   0.0   0.0   0.0    0.0    0.25   0.25                                                                                                                                                                                                               
 1   drift   0.52        2.0    2.0       4                                                                                                                                                                                                                      
 11  sol3d  73657.13    50.0    2.0     100                                                                                                                                                                                                                      
 1   drift   3.06        2.0    2.0       2                                                                                                                                                                                                                      
40  cav      92.00000    4.00    0.77200E+01     0.000  -20.00  100
 1   drift  16.4         2.0    2.0      20                                                                                                                                                                                                                      
40  cav      92.00000    4.00    0.77200E+01     0.000  -20.00  100
 1   drift  16.4         2.0    2.0      20                                                                                                                                                                                                                      
40  cav      92.00000    4.00    0.77200E+01     0.000  -20.00  100
 34  matrx                                                                                                                                                                                                                                                       
 35  updat   0.0   0.0   0.0    0.0    0.25   0.25                                                                                                                                                                                                               
 1   drift   0.52        2.0    2.0       4                                                                                                                                                                                                                      
 11  sol3d  77257.92    50.0    2.0     100                                                                                                                                                                                                                      
 1   drift   3.06        2.0    2.0       2                                                                                                                                                                                                                      
40  cav      92.00000    4.00    0.77200E+01     0.000  -20.00  100
 1   drift  16.4         2.0    2.0      20                                                                                                                                                                                                                      
40  cav      92.00000    4.00    0.77200E+01     0.000  -20.00  100
 1   drift  16.4         2.0    2.0      20                                                                                                                                                                                                                      
40  cav      92.00000    4.00    0.77200E+01     0.000  -20.00  100
 1   drift  24.036       2.0    2.0      20                                                                                                                                                                                                                      
 1   drift  26.6         2.0    2.0      20                                                                                                                                                                                                                      
 !35 scrch                                                                                                                                                                                                                                                       
 1   drift   8.1058      2.0    2.0      20                                                                                                                                                                                                                      
 35  matrx                                                                                                                                                                                                                                                       
 36  updat   0.0   0.0   0.0    0.0    0.25   0.25                                                                                                                                                                                                               
 1   drift   0.52        2.0    2.0       4                                                                                                                                                                                                                      
 11  sol3d  77788.26    50.0    2.0     100                                                                                                                                                                                                                      
 1   drift   3.06        2.0    2.0       2                                                                                                                                                                                                                      
40  cav      92.00000    4.00    0.77200E+01     0.000  -20.00  100
 1   drift  16.4         2.0    2.0      20                                                                                                                                                                                                                      
40  cav      92.00000    4.00    0.77200E+01     0.000  -20.00  100
 1   drift  16.4         2.0    2.0      20                                                                                                                                                                                                                      
40  cav      92.00000    4.00    0.77200E+01     0.000  -20.00  100
 36  matrx                                                                                                                                                                                                                                                       
 37  updat   0.0   0.0   0.0    0.0    0.25   0.25                                                                                                                                                                                                               
 1   drift   0.52        2.0    2.0       4                                                                                                                                                                                                                      
 11  sol3d  80048.85    50.0    2.0     100                                                                                                                                                                                                                      
 1   drift   3.06        2.0    2.0       2                                                                                                                                                                                                                      
40  cav      92.00000    4.00    0.77200E+01     0.000  -20.00  100
 1   drift  16.4         2.0    2.0      20                                                                                                                                                                                                                      
40  cav      92.00000    4.00    0.77200E+01     0.000  -20.00  100
 1   drift  16.4         2.0    2.0      20                                                                                                                                                                                                                      
40  cav      92.00000    4.00    0.77200E+01     0.000  -20.00  100
 1   drift  24.036       2.0    2.0      20                                                                                                                                                                                                                      
 1   drift  26.6         2.0    2.0      20                                                                                                                                                                                                                      
 !37 scrch                                                                                                                                                                                                                                                       
 1   drift   8.1058      2.0    2.0      20                                                                                                                                                                                                                      
 37  matrx                                                                                                                                                                                                                                                       
 38  updat   0.0   0.0   0.0    0.0    0.25   0.25                                                                                                                                                                                                               
 1   drift   0.52        2.0    2.0       4                                                                                                                                                                                                                      
 11  sol3d  78300.35    50.0    2.0     100                                                                                                                                                                                                                      
 1   drift   3.06        2.0    2.0       2                                                                                                                                                                                                                      
40  cav      92.00000    4.00    0.92700E+01     0.000  -20.00  100
 1   drift  16.4         2.0    2.0      20                                                                                                                                                                                                                      
40  cav      92.00000    4.00    0.92700E+01     0.000  -20.00  100
 1   drift  16.4         2.0    2.0      20                                                                                                                                                                                                                      
40  cav      92.00000    4.00    0.92700E+01     0.000  -20.00  100
 38  matrx                                                                                                                                                                                                                                                       
 39  updat   0.0   0.0   0.0    0.0    0.25   0.25                                                                                                                                                                                                               
 1   drift   0.52        2.0    2.0       4                                                                                                                                                                                                                      
 11  sol3d  81410.18    50.0    2.0     100                                                                                                                                                                                                                      
 1   drift   3.06        2.0    2.0       2                                                                                                                                                                                                                      
40  cav      92.00000    4.00    0.92700E+01     0.000  -20.00  100
 1   drift  16.4         2.0    2.0      20                                                                                                                                                                                                                      
40  cav      92.00000    4.00    0.92700E+01     0.000  -20.00  100
 1   drift  16.4         2.0    2.0      20                                                                                                                                                                                                                      
40  cav      92.00000    4.00    0.92700E+01     0.000  -20.00  100
 1   drift  24.036       2.0    2.0      20                                                                                                                                                                                                                      
 1   drift  26.6         2.0    2.0      20                                                                                                                                                                                                                      
 !39 scrch                                                                                                                                                                                                                                                       
 1   drift   8.1058      2.0    2.0      20                                                                                                                                                                                                                      
 39  matrx                                                                                                                                                                                                                                                       
 40  updat   0.0   0.0   0.0    0.0    0.25   0.25                                                                                                                                                                                                               
 1   drift   0.52        2.0    2.0       4                                                                                                                                                                                                                      
 11  sol3d  78352.04    50.0    2.0     100                                                                                                                                                                                                                      
 1   drift   3.06        2.0    2.0       2                                                                                                                                                                                                                      
40  cav      92.00000    4.00    0.92700E+01     0.000  -20.00  100
 1   drift  16.4         2.0    2.0      20                                                                                                                                                                                                                      
40  cav      92.00000    4.00    0.92700E+01     0.000  -20.00  100
 1   drift  16.4         2.0    2.0      20                                                                                                                                                                                                                      
40  cav      92.00000    4.00    0.92700E+01     0.000  -20.00  100
 40  matrx                                                                                                                                                                                                                                                       
 !40 scrch                                                                                                                                                                                                                                                       
 41  updat   0.0   0.0   0.0    0.0    0.25   0.25                                                                                                                                                                                                               
 1   drift   0.52        2.0    2.0       4                                                                                                                                                                                                                      
 11  sol3d  73155.26    50.0    2.0     100                                                                                                                                                                                                                      
 1   drift   3.06        2.0    2.0       2                                                                                                                                                                                                                      
40  cav      92.00000    4.00    0.92700E+01     0.000  -20.00  100
 1   drift  16.4         2.0    2.0      20                                                                                                                                                                                                                      
40  cav      92.00000    4.00    0.92700E+01     0.000  -20.00  100
 1   drift  16.4         2.0    2.0      20                                                                                                                                                                                                                      
40  cav      92.00000    4.00    0.92700E+01     0.000  -20.00  100
 1   drift  24.036       2.0    2.0      20                                                                                                                                                                                                                      
 1   drift  26.6         2.0    2.0      20                                                                                                                                                                                                                      
 !41 scrch                                                                                                                                                                                                                                                       
 1   drift   8.1058      2.0    2.0      20                                                                                                                                                                                                                      
 41  matrx                                                                                                                                                                                                                                                       
 !0   stop                                                                                                                                                                                                                                                       
 42  updat   0.0   0.0   0.0    0.0    0.25   0.25                                                                                                                                                                                                               
 1   drift   0.52        2.0    2.0       4                                                                                                                                                                                                                      
 11  sol3d  77653.38    50.0    2.0     100                                                                                                                                                                                                                      
 1   drift   3.06        2.0    2.0       2                                                                                                                                                                                                                      
51  cav     118.00000    4.00    0.10500E+02     0.000  -20.00  100
 1   drift  16.4         2.0    2.0      20                                                                                                                                                                                                                      
51  cav     118.00000    4.00    0.10500E+02     0.000  -20.00  100
 1   drift  16.4         2.0    2.0      20                                                                                                                                                                                                                      
51  cav     118.00000    4.00    0.10500E+02     0.000  -20.00  100
 42  matrx                                                                                                                                                                                                                                                       
 43  updat   0.0   0.0   0.0    0.0    0.25   0.25                                                                                                                                                                                                               
 1   drift   0.52        2.0    2.0       4                                                                                                                                                                                                                      
 11  sol3d  79880.77    50.0    2.0     100                                                                                                                                                                                                                      
 1   drift   3.06        2.0    2.0       2                                                                                                                                                                                                                      
51  cav     118.00000    4.00    0.10500E+02     0.000  -20.00  100
 1   drift  16.4         2.0    2.0      20                                                                                                                                                                                                                      
51  cav     118.00000    4.00    0.10500E+02     0.000  -20.00  100
 1   drift  16.4         2.0    2.0      20                                                                                                                                                                                                                      
51  cav     118.00000    4.00    0.10500E+02     0.000  -20.00  100
 1   drift  24.036       2.0    2.0      20                                                                                                                                                                                                                      
 1   drift  26.6         2.0    2.0      20                                                                                                                                                                                                                      
 !43 scrch                                                                                                                                                                                                                                                       
 1   drift   8.1058      2.0    2.0      20                                                                                                                                                                                                                      
 43  matrx                                                                                                                                                                                                                                                       
 44  updat   0.0   0.0   0.0    0.0    0.25   0.25                                                                                                                                                                                                               
 1   drift   0.52        2.0    2.0       4                                                                                                                                                                                                                      
 11  sol3d  79072.69    50.0    2.0     100                                                                                                                                                                                                                      
 1   drift   3.06        2.0    2.0       2                                                                                                                                                                                                                      
51  cav     118.00000    4.00    0.10500E+02     0.000  -20.00  100
 1   drift  16.4         2.0    2.0      20                                                                                                                                                                                                                      
51  cav     118.00000    4.00    0.10500E+02     0.000  -20.00  100
 1   drift  16.4         2.0    2.0      20                                                                                                                                                                                                                      
51  cav     118.00000    4.00    0.10500E+02     0.000  -20.00  100
 44  matrx                                                                                                                                                                                                                                                       
 45  updat   0.0   0.0   0.0    0.0    0.25   0.25                                                                                                                                                                                                               
 1   drift   0.52        2.0    2.0       4                                                                                                                                                                                                                      
 11  sol3d  80826.18    50.0    2.0     100                                                                                                                                                                                                                      
 1   drift   3.06        2.0    2.0       2                                                                                                                                                                                                                      
51  cav     118.00000    4.00    0.10500E+02     0.000  -20.00  100
 1   drift  16.4         2.0    2.0      20                                                                                                                                                                                                                      
51  cav     118.00000    4.00    0.10500E+02     0.000  -20.00  100
 1   drift  16.4         2.0    2.0      20                                                                                                                                                                                                                      
51  cav     118.00000    4.00    0.10500E+02     0.000  -20.00  100
 1   drift  24.036       2.0    2.0      20                                                                                                                                                                                                                      
 1   drift  26.6         2.0    2.0      20                                                                                                                                                                                                                      
 !45 scrch                                                                                                                                                                                                                                                       
 1   drift   8.1058      2.0    2.0      20                                                                                                                                                                                                                      
 45  matrx                                                                                                                                                                                                                                                       
 46  updat   0.0   0.0   0.0    0.0    0.25   0.25                                                                                                                                                                                                               
 1   drift   0.52        2.0    2.0       4                                                                                                                                                                                                                      
 11  sol3d  76981.63    50.0    2.0     100                                                                                                                                                                                                                      
 1   drift   3.06        2.0    2.0       2                                                                                                                                                                                                                      
51  cav     118.00000    4.00    0.10500E+02     0.000  -20.00  100
 1   drift  16.4         2.0    2.0      20                                                                                                                                                                                                                      
51  cav     118.00000    4.00    0.10500E+02     0.000  -20.00  100
 1   drift  16.4         2.0    2.0      20                                                                                                                                                                                                                      
51  cav     118.00000    4.00    0.10500E+02     0.000  -20.00  100
 46  matrx                                                                                                                                                                                                                                                       
 47  updat   0.0   0.0   0.0    0.0    0.25   0.25                                                                                                                                                                                                               
 1   drift   0.52        2.0    2.0       4                                                                                                                                                                                                                      
 11  sol3d  82621.45    50.0    2.0     100                                                                                                                                                                                                                      
 1   drift   3.06        2.0    2.0       2                                                                                                                                                                                                                      
51  cav     118.00000    4.00    0.10500E+02     0.000  -20.00  100
 1   drift  16.4         2.0    2.0      20                                                                                                                                                                                                                      
51  cav     118.00000    4.00    0.10500E+02     0.000  -20.00  100
 1   drift  16.4         2.0    2.0      20                                                                                                                                                                                                                      
51  cav     118.00000    4.00    0.10500E+02     0.000  -20.00  100
 1   drift  24.036       2.0    2.0      20                                                                                                                                                                                                                      
 1   drift  26.6         2.0    2.0      20                                                                                                                                                                                                                      
 !47 scrch                                                                                                                                                                                                                                                       
 1   drift   8.1058      2.0    2.0      20                                                                                                                                                                                                                      
 47  matrx                                                                                                                                                                                                                                                       
 48  updat   0.0   0.0   0.0    0.0    0.25   0.25                                                                                                                                                                                                               
 1   drift   0.52        2.0    2.0       4                                                                                                                                                                                                                      
 11  sol3d  80108.74    50.0    2.0     100                                                                                                                                                                                                                      
 1   drift   3.06        2.0    2.0       2                                                                                                                                                                                                                      
51  cav     118.00000    4.00    0.10500E+02     0.000  -20.00  100
 1   drift  16.4         2.0    2.0      20                                                                                                                                                                                                                      
51  cav     118.00000    4.00    0.10500E+02     0.000  -20.00  100
 1   drift  16.4         2.0    2.0      20                                                                                                                                                                                                                      
51  cav     118.00000    4.00    0.10500E+02     0.000  -20.00  100
 48  matrx                                                                                                                                                                                                                                                       
 49  updat   0.0   0.0   0.0    0.0    0.25   0.25                                                                                                                                                                                                               
 1   drift   0.52        2.0    2.0       4                                                                                                                                                                                                                      
 11  sol3d  79653.23    50.0    2.0     100                                                                                                                                                                                                                      
 1   drift   3.06        2.0    2.0       2                                                                                                                                                                                                                      
51  cav     118.00000    4.00    0.10500E+02     0.000  -20.00  100
 1   drift  16.4         2.0    2.0      20                                                                                                                                                                                                                      
51  cav     118.00000    4.00    0.10500E+02     0.000  -20.00  100
 1   drift  16.4         2.0    2.0      20                                                                                                                                                                                                                      
51  cav     118.00000    4.00    0.10500E+02     0.000  -20.00  100
 1   drift  24.036       2.0    2.0      20                                                                                                                                                                                                                      
 1   drift  26.6         2.0    2.0      20                                                                                                                                                                                                                      
 !49 scrch                                                                                                                                                                                                                                                       
 1   drift   8.1058      2.0    2.0      20                                                                                                                                                                                                                      
 49  matrx                                                                                                                                                                                                                                                       
 50  updat   0.0   0.0   0.0    0.0    0.25   0.25                                                                                                                                                                                                               
 1   drift   0.52        2.0    2.0       4                                                                                                                                                                                                                      
 11  sol3d  78897.95    50.0    2.0     100                                                                                                                                                                                                                      
 1   drift   3.06        2.0    2.0       2                                                                                                                                                                                                                      
51  cav     118.00000    4.00    0.10500E+02     0.000  -20.00  100
 1   drift  16.4         2.0    2.0      20                                                                                                                                                                                                                      
51  cav     118.00000    4.00    0.10500E+02     0.000  -20.00  100
 1   drift  16.4         2.0    2.0      20                                                                                                                                                                                                                      
51  cav     118.00000    4.00    0.10500E+02     0.000  -20.00  100
 50  matrx                                                                                                                                                                                                                                                       
 51  updat   0.0   0.0   0.0    0.0    0.25   0.25                                                                                                                                                                                                               
 1   drift   0.52        2.0    2.0       4                                                                                                                                                                                                                      
 11  sol3d  78345.90    50.0    2.0     100                                                                                                                                                                                                                      
 1   drift   3.06        2.0    2.0       2                                                                                                                                                                                                                      
51  cav     118.00000    4.00    0.10500E+02     0.000  -20.00  100
 1   drift  16.4         2.0    2.0      20                                                                                                                                                                                                                      
51  cav     118.00000    4.00    0.10500E+02     0.000  -20.00  100
 1   drift  16.4         2.0    2.0      20                                                                                                                                                                                                                      
51  cav     118.00000    4.00    0.10500E+02     0.000  -20.00  100
 1   drift  24.036       2.0    2.0      20                                                                                                                                                                                                                      
 1   drift  26.6         2.0    2.0      20                                                                                                                                                                                                                      
 !51 scrch                                                                                                                                                                                                                                                       
 1   drift   8.1058      2.0    2.0      20                                                                                                                                                                                                                      
 51  matrx                                                                                                                                                                                                                                                       
 52  updat   0.0   0.0   0.0    0.0    0.25   0.25                                                                                                                                                                                                               
 1   drift   0.52        2.0    2.0       4                                                                                                                                                                                                                      
 11  sol3d  76731.54    50.0    2.0     100                                                                                                                                                                                                                      
 1   drift   3.06        2.0    2.0       2                                                                                                                                                                                                                      
51  cav     118.00000    4.00    0.10500E+02     0.000  -20.00  100
 1   drift  16.4         2.0    2.0      20                                                                                                                                                                                                                      
51  cav     118.00000    4.00    0.10500E+02     0.000  -20.00  100
 1   drift  16.4         2.0    2.0      20                                                                                                                                                                                                                      
51  cav     118.00000    4.00    0.10500E+02     0.000  -20.00  100
 52  matrx                                                                                                                                                                                                                                                       
 53  updat   0.0   0.0   0.0    0.0    0.25   0.25                                                                                                                                                                                                               
 1   drift   0.52        2.0    2.0       4                                                                                                                                                                                                                      
 11  sol3d  80261.17    50.0    2.0     100                                                                                                                                                                                                                      
 1   drift   3.06        2.0    2.0       2                                                                                                                                                                                                                      
51  cav     118.00000    4.00    0.10500E+02     0.000  -20.00  100
 1   drift  16.4         2.0    2.0      20                                                                                                                                                                                                                      
51  cav     118.00000    4.00    0.10500E+02     0.000  -20.00  100
 1   drift  16.4         2.0    2.0      20                                                                                                                                                                                                                      
51  cav     118.00000    4.00    0.10500E+02     0.000  -20.00  100
 1   drift  24.036       2.0    2.0      20                                                                                                                                                                                                                      
 1   drift  26.6         2.0    2.0      20                                                                                                                                                                                                                      
 !53 scrch                                                                                                                                                                                                                                                       
 1   drift   8.1058      2.0    2.0      20                                                                                                                                                                                                                      
 53  matrx                                                                                                                                                                                                                                                       
 54  updat   0.0   0.0   0.0    0.0    0.25   0.25                                                                                                                                                                                                               
 1   drift   0.52        2.0    2.0       4                                                                                                                                                                                                                      
 11  sol3d  75197.15    50.0    2.0     100                                                                                                                                                                                                                      
 1   drift   3.06        2.0    2.0       2                                                                                                                                                                                                                      
51  cav     118.00000    4.00    0.10500E+02     0.000  -20.00  100
 1   drift  16.4         2.0    2.0      20                                                                                                                                                                                                                      
51  cav     118.00000    4.00    0.10500E+02     0.000  -20.00  100
 1   drift  16.4         2.0    2.0      20                                                                                                                                                                                                                      
51  cav     118.00000    4.00    0.10500E+02     0.000  -20.00  100
 54  matrx                                                                                                                                                                                                                                                       
 55  updat   0.0   0.0   0.0    0.0    0.25   0.25                                                                                                                                                                                                               
 1   drift   0.52        2.0    2.0       4                                                                                                                                                                                                                      
 11  sol3d  76674.96    50.0    2.0     100                                                                                                                                                                                                                      
 1   drift   3.06        2.0    2.0       2                                                                                                                                                                                                                      
51  cav     118.00000    4.00    0.10500E+02     0.000  -20.00  100
 1   drift  16.4         2.0    2.0      20                                                                                                                                                                                                                      
51  cav     118.00000    4.00    0.10500E+02     0.000  -20.00  100
 1   drift  16.4         2.0    2.0      20                                                                                                                                                                                                                      
51  cav     118.00000    4.00    0.10500E+02     0.000  -20.00  100
 1   drift  24.036       2.0    2.0      20                                                                                                                                                                                                                      
 1   drift  26.6         2.0    2.0      20                                                                                                                                                                                                                      
 !55 scrch                                                                                                                                                                                                                                                       
 1   drift   8.1058      2.0    2.0      20                                                                                                                                                                                                                      
 55  matrx                                                                                                                                                                                                                                                       
