 
 
 Charge State:     1.00
 Length of the section     68.5800 cm
 
  nonsymplectic matrix: (cm,rad,cm,rad,rad,rel.u.)
 -0.2925209E+00  0.2979183E+02 -0.5457333E+00  0.3937700E+02 -0.2215438E-01  0.1318826E+00
 -0.2213885E-01  0.8845554E+00 -0.3128037E-01  0.1247264E+01 -0.1139495E-02  0.7236064E-02
  0.5385658E+00 -0.3946413E+02 -0.2650093E+00  0.3027684E+02 -0.2646080E-01  0.1108343E+00
  0.3080696E-01 -0.1234813E+01 -0.2101342E-01  0.8939061E+00 -0.1004924E-02  0.4247511E-02
  0.1786640E-02 -0.2845607E-03 -0.3064607E-02 -0.7113472E-01  0.1443075E+01 -0.1310678E+02
 -0.9572471E-04  0.7771163E-02  0.1642147E-03  0.1261536E-01  0.3149734E-01  0.3104833E+00
 
  nonsymplectic matrix after backward rotation 
 -0.5982688E+00  0.4932650E+02 -0.1584824E+00  0.3021870E+01  0.5409208E-02  0.3008627E-02
 -0.3777197E-01  0.1512135E+01 -0.4691742E-02  0.1448246E+00  0.9671958E-05  0.1548044E-02
  0.1330267E+00 -0.3444882E+01 -0.5856091E+00  0.4957926E+02 -0.3408417E-01  0.1722446E+00
  0.3532084E-02 -0.1437007E+00 -0.3739001E-01  0.1527666E+01 -0.1519285E-02  0.8246547E-02
  0.1786640E-02 -0.2845607E-03 -0.3064607E-02 -0.7113472E-01  0.1443075E+01 -0.1310678E+02
 -0.9572471E-04  0.7771163E-02  0.1642147E-03  0.1261536E-01  0.3149734E-01  0.3104833E+00
 
  symplectic matrix after backward rotation
 -0.5982688E+00  0.6141088E+03 -0.1584824E+00  0.3762191E+02 -0.2300953E-02  0.7479382E-01
 -0.3271330E-02  0.1630460E+01 -0.4063393E-03  0.1561572E+00 -0.3563224E-06  0.3333001E-02
  0.1330267E+00 -0.4288836E+02 -0.5856091E+00  0.6172557E+03  0.1449862E-01  0.4281964E+01
  0.3059043E-03 -0.1549454E+00 -0.3238249E-02  0.1647206E+01  0.5597164E-04  0.1775514E-01
 -0.4526436E-02  0.8975514E-02  0.7764155E-02  0.2243707E+01  0.1555186E+01  0.8254918E+03
 -0.4152975E-05  0.4197458E-02  0.7124386E-05  0.6813964E-02 -0.5812771E-03  0.3348659E+00
 
  det1, det2, det3=    1.0334990   1.0342086   1.0006181
 
  symplecticity conditions aT*J*a
  0.0000000E+00  0.1025988E+01 -0.5269815E-03  0.5992943E-01  0.4786293E-05  0.1215179E-02
 -0.1025988E+01  0.0000000E+00  0.5697601E-01  0.5954206E+02 -0.3154289E-02 -0.1635103E+01
  0.5269815E-03 -0.5697601E-01  0.0000000E+00  0.1024785E+01 -0.2298710E-05 -0.3105071E-03
 -0.5992943E-01 -0.5954206E+02 -0.1024785E+01  0.0000000E+00 -0.8887064E-03 -0.8536331E+00
 -0.4786293E-05  0.3154289E-02  0.2298710E-05  0.8887064E-03  0.0000000E+00  0.1000628E+01
 -0.1215179E-02  0.1635103E+01  0.3105071E-03  0.8536331E+00 -0.1000628E+01  0.0000000E+00
 
  X-plane 
     cosmu   0.51610     sinmu   0.85653
      muX      58.93   deg
     betX     0.57589E+02  cm/rad
    alphX    -0.13010E+01
 
  Y-plane 
     cosmu   0.53080     sinmu   0.84750
      muY      57.94   deg
     betY     0.58501E+02  cm/rad
    alphY    -0.13173E+01
 
  Z-plane 
     cosmu   0.94503     sinmu   0.32700
      muZ      19.09   deg
     betZ     0.24750E+02   deg/%
    alphZ     0.18660E+01
 
  beam sigma matrix (sm) before
  0.7169722E+03  0.1301021E+01  0.0000000E+00  0.0000000E+00  0.0000000E+00  0.0000000E+00
  0.1301021E+01  0.3819278E-02  0.0000000E+00  0.0000000E+00  0.0000000E+00  0.0000000E+00
  0.0000000E+00  0.0000000E+00  0.7283270E+03  0.1317298E+01  0.0000000E+00  0.0000000E+00
  0.0000000E+00  0.0000000E+00  0.1317298E+01  0.3820952E-02  0.0000000E+00  0.0000000E+00
  0.0000000E+00  0.0000000E+00  0.0000000E+00  0.0000000E+00  0.2524473E+04 -0.1865958E+01
  0.0000000E+00  0.0000000E+00  0.0000000E+00  0.0000000E+00 -0.1865958E+01  0.1777629E-02
 
  beam sigma matrix (sm) after
  0.7489968E+03  0.1361232E+01 -0.1961338E+02 -0.2367589E-01 -0.7914779E+01  0.9068648E-02
  0.1361232E+01  0.3993501E-02 -0.2369046E-01  0.1908680E-04 -0.5161663E-02  0.1532482E-04
 -0.1961338E+02 -0.2369046E-01  0.7584411E+03  0.1374289E+01  0.3483028E+02 -0.9698541E-02
 -0.2367589E-01  0.1908680E-04  0.1374289E+01  0.3991875E-02  0.1110654E+00 -0.7569174E-04
 -0.7914779E+01 -0.5161663E-02  0.3483028E+02  0.1110654E+00  0.2526157E+04 -0.1866933E+01
  0.9068648E-02  0.1532482E-04 -0.9698541E-02 -0.7569174E-04 -0.1866933E+01  0.1779105E-02
 
 
 Charge State:     1.00
 Length of the section     68.5800 cm
 
  nonsymplectic matrix: (cm,rad,cm,rad,rad,rel.u.)
 -0.1110686E+00  0.3195818E+02 -0.2825719E+00  0.3666238E+02  0.7577472E-02 -0.1836153E-01
 -0.1638538E-01  0.7544070E+00 -0.1992955E-01  0.9361739E+00  0.1574111E-03  0.1352354E-03
  0.2692254E+00 -0.3705120E+02 -0.1105419E+00  0.3210073E+02 -0.9730158E-02  0.5390865E-01
  0.1939319E-01 -0.9314781E+00 -0.1624148E-01  0.7493106E+00 -0.4060444E-03  0.2554855E-02
  0.1557627E-02  0.2449801E-01 -0.7528879E-05 -0.3105266E-03  0.1065116E+01 -0.1143914E+02
 -0.9487974E-04 -0.2984837E-02  0.1737431E-04  0.5770770E-03  0.4766905E-01  0.2641267E+00
 
  nonsymplectic matrix after backward rotation 
 -0.2704762E+00  0.4884340E+02 -0.1176665E+00  0.2531751E+01  0.1225881E-01 -0.5145604E-01
 -0.2532703E-01  0.1193765E+01 -0.2242796E-02  0.1151203E+00  0.4008902E-03 -0.1737886E-02
  0.1079869E+00 -0.2904963E+01 -0.2796801E+00  0.4866392E+02 -0.1347472E-02  0.2440419E-01
  0.1765792E-02 -0.1081928E+00 -0.2561137E-01  0.1193581E+01 -0.1701099E-03  0.1877585E-02
  0.1557627E-02  0.2449801E-01 -0.7528879E-05 -0.3105266E-03  0.1065116E+01 -0.1143914E+02
 -0.9487974E-04 -0.2984837E-02  0.1737431E-04  0.5770770E-03  0.4766905E-01  0.2641267E+00
 
  symplectic matrix after backward rotation
 -0.2704762E+00  0.5639637E+03 -0.1176665E+00  0.2923252E+02 -0.4838701E-02 -0.1186045E+01
 -0.2413549E-02  0.1313518E+01 -0.2137281E-03  0.1266686E+00 -0.1507918E-04 -0.3817313E-02
  0.1079869E+00 -0.3354176E+02 -0.2796801E+00  0.5618915E+03  0.5318636E-03  0.5625085E+00
  0.1682718E-03 -0.1190462E+00 -0.2440645E-02  0.1313315E+01  0.6398554E-05  0.4124166E-02
 -0.4338700E-02 -0.7879022E+00  0.2097136E-04  0.9987123E-02  0.1171045E+01  0.7344367E+03
 -0.4531017E-05 -0.1645842E-02  0.8297165E-06  0.3182008E-03 -0.8985439E-03  0.2907363E+00
 
  det1, det2, det3=    1.0058786   1.0040697   1.0003890
 
  symplecticity conditions aT*J*a
  0.0000000E+00  0.9986709E+00 -0.4426846E-03  0.8356235E-01  0.2206119E-05  0.5869443E-03
 -0.9986709E+00  0.0000000E+00  0.8259031E-01  0.5587893E+02  0.3356278E-03  0.3133930E+00
  0.4426846E-03 -0.8259031E-01  0.0000000E+00  0.9954128E+00 -0.7417884E-06 -0.1881617E-03
 -0.8356235E-01 -0.5587893E+02 -0.9954128E+00  0.0000000E+00  0.2687296E-02  0.1386433E+01
 -0.2206119E-05 -0.3356278E-03  0.7417884E-06 -0.2687296E-02  0.0000000E+00  0.1000388E+01
 -0.5869443E-03 -0.3133930E+00  0.1881617E-03 -0.1386433E+01 -0.1000388E+01  0.0000000E+00
 
  X-plane 
     cosmu   0.52152     sinmu   0.85324
      muX      58.57   deg
     betX     0.57245E+02  cm/rad
    alphX    -0.92822E+00
 
  Y-plane 
     cosmu   0.51682     sinmu   0.85610
      muY      58.88   deg
     betY     0.56844E+02  cm/rad
    alphY    -0.93038E+00
 
  Z-plane 
     cosmu   0.73089     sinmu   0.68249
      muZ      43.04   deg
     betZ     0.10558E+02   deg/%
    alphZ     0.64492E+00
 
  beam sigma matrix (sm) before
  0.6609685E+03  0.9282249E+00  0.0000000E+00  0.0000000E+00  0.0000000E+00  0.0000000E+00
  0.9282249E+00  0.2828692E-02  0.0000000E+00  0.0000000E+00  0.0000000E+00  0.0000000E+00
  0.0000000E+00  0.0000000E+00  0.6563420E+03  0.9303840E+00  0.0000000E+00  0.0000000E+00
  0.0000000E+00  0.0000000E+00  0.9303840E+00  0.2850903E-02  0.0000000E+00  0.0000000E+00
  0.0000000E+00  0.0000000E+00  0.0000000E+00  0.0000000E+00  0.1076106E+04 -0.6449202E+00
  0.0000000E+00  0.0000000E+00  0.0000000E+00  0.0000000E+00 -0.6449202E+00  0.1316559E-02
 
  beam sigma matrix (sm) after
  0.6699968E+03  0.9411253E+00 -0.8557446E+01 -0.1425550E-01 -0.6612812E+01  0.6205811E-03
  0.9411253E+00  0.2870859E-02  0.7357624E-02  0.2888680E-04 -0.1219780E-01  0.1304350E-04
 -0.8557446E+01  0.7357624E-02  0.6631793E+03  0.9403072E+00  0.3790975E+00  0.4445015E-03
 -0.1425550E-01  0.2888680E-04  0.9403072E+00  0.2884153E-02  0.6051520E-02 -0.2970736E-05
 -0.6612812E+01 -0.1219780E-01  0.3790975E+00  0.6051520E-02  0.1076546E+04 -0.6451444E+00
  0.6205811E-03  0.1304350E-04  0.4445015E-03 -0.2970736E-05 -0.6451444E+00  0.1317107E-02
 
 
 Charge State:     1.00
 Length of the section     68.5800 cm
 
  nonsymplectic matrix: (cm,rad,cm,rad,rad,rel.u.)
  0.1868816E+00  0.4243838E+02  0.1355797E-01  0.3838914E+02  0.4729173E-02 -0.2240222E-01
 -0.8072948E-02  0.1034868E+01 -0.9355610E-02  0.9895136E+00  0.2939859E-03 -0.1914183E-02
 -0.2412437E-01 -0.3886376E+02  0.1781176E+00  0.4213773E+02 -0.1413040E-02  0.1350403E-01
  0.8982002E-02 -0.9900882E+00 -0.8378049E-02  0.1012598E+01 -0.1287321E-03  0.1073903E-02
  0.4357340E-03  0.9307158E-02  0.4298806E-03  0.8723964E-02  0.1371747E+01 -0.1225664E+02
 -0.6937246E-04 -0.1637219E-02 -0.5687599E-04 -0.1863256E-02 -0.1473987E-01  0.7278609E+00
 
  nonsymplectic matrix after backward rotation 
  0.1586663E+00  0.5749083E+02 -0.1041061E+00  0.2322063E+01  0.4531037E-02 -0.2584132E-01
 -0.1195776E-01  0.1429171E+01 -0.1781482E-02  0.1071229E+00  0.3079535E-03 -0.2156640E-02
  0.1016452E+00 -0.2492384E+01  0.1451607E+00  0.5695544E+02  0.1957412E-02 -0.4055232E-02
  0.1691397E-02 -0.9324862E-01 -0.1243163E-01  0.1411743E+01  0.9035662E-04 -0.4077600E-03
  0.4357340E-03  0.9307158E-02  0.4298806E-03  0.8723964E-02  0.1371747E+01 -0.1225664E+02
 -0.6937246E-04 -0.1637219E-02 -0.5687599E-04 -0.1863256E-02 -0.1473987E-01  0.7278609E+00
 
  symplectic matrix after backward rotation
  0.1586663E+00  0.6032910E+03 -0.1041061E+00  0.2436701E+02 -0.1626677E-02 -0.5411185E+00
 -0.1260726E-02  0.1581187E+01 -0.1878244E-03  0.1185171E+00 -0.1165627E-04 -0.4761306E-02
  0.1016452E+00 -0.2615430E+02  0.1451607E+00  0.5976727E+03 -0.7027259E-03 -0.8491678E-01
  0.1783267E-03 -0.1031671E+00 -0.1310687E-02  0.1561904E+01 -0.3420066E-05 -0.9002293E-03
 -0.1341464E-02 -0.3006789E+00 -0.1323444E-02 -0.2818382E+00  0.1516127E+01  0.7901455E+03
 -0.3667131E-05 -0.9081849E-03 -0.3006549E-05 -0.1033570E-02  0.2797285E-03  0.8056853E+00
 
  det1, det2, det3=    1.0114654   1.0100887   1.0004950
 
  symplecticity conditions aT*J*a
  0.0000000E+00  0.1005643E+01 -0.3201624E-03  0.1017042E+00  0.1062020E-05  0.3027469E-03
 -0.1005643E+01  0.0000000E+00  0.1005540E+00  0.5378122E+02 -0.3150276E-02 -0.1526714E+01
  0.3201624E-03 -0.1005540E+00  0.0000000E+00  0.1002328E+01  0.3678551E-05  0.1461400E-02
 -0.1017042E+00 -0.5378122E+02 -0.1002328E+01  0.0000000E+00  0.4504572E-03  0.1323006E+00
 -0.1062020E-05  0.3150276E-02 -0.3678551E-05 -0.4504572E-03  0.0000000E+00  0.1000497E+01
 -0.3027469E-03  0.1526714E+01 -0.1461400E-02 -0.1323006E+00 -0.1000497E+01  0.0000000E+00
 
  X-plane 
     cosmu   0.86993     sinmu   0.49318
      muX      29.55   deg
     betX     0.11657E+03  cm/rad
    alphX    -0.14422E+01
 
  Y-plane 
     cosmu   0.85353     sinmu   0.52104
      muY      31.40   deg
     betY     0.10931E+03  cm/rad
    alphY    -0.13595E+01
 
  Z-plane 
  cosmu > 1 -> Not stable
 
  beam sigma matrix (sm) before
  0.1223264E+04  0.1442188E+01  0.0000000E+00  0.0000000E+00  0.0000000E+00  0.0000000E+00
  0.1442188E+01  0.2556313E-02  0.0000000E+00  0.0000000E+00  0.0000000E+00  0.0000000E+00
  0.0000000E+00  0.0000000E+00  0.1147077E+04  0.1359536E+01  0.0000000E+00  0.0000000E+00
  0.0000000E+00  0.0000000E+00  0.1359536E+01  0.2515522E-02  0.0000000E+00  0.0000000E+00
  0.0000000E+00  0.0000000E+00  0.0000000E+00  0.0000000E+00  0.1000000E+01  0.0000000E+00
  0.0000000E+00  0.0000000E+00  0.0000000E+00  0.0000000E+00  0.0000000E+00  0.1000000E+01
 
  beam sigma matrix (sm) after
  0.1244610E+04  0.1467998E+01  0.1408434E+01 -0.4686783E-02 -0.4293881E+03 -0.4411401E+00
  0.1467998E+01  0.2623565E-02  0.3495583E-01  0.4451150E-04 -0.3763741E+01 -0.3840725E-02
  0.1408434E+01  0.3495583E-01  0.1165376E+04  0.1380549E+01 -0.6901294E+02 -0.7350798E-01
 -0.4686783E-02  0.4451150E-04  0.1380549E+01  0.2554754E-02 -0.7128341E+00 -0.7296341E-03
 -0.4293881E+03 -0.3763741E+01 -0.6901294E+02 -0.7128341E+00  0.6243322E+06  0.6366091E+03
 -0.4411401E+00 -0.3840725E-02 -0.7350798E-01 -0.7296341E-03  0.6366091E+03  0.6491290E+00
 
 
 Charge State:     1.00
 Length of the section     68.5800 cm
 
  nonsymplectic matrix: (cm,rad,cm,rad,rad,rel.u.)
  0.3976388E+00  0.4903771E+02  0.1710210E+00  0.3846649E+02 -0.4065795E-03  0.1079331E-01
 -0.2162614E-02  0.1203005E+01 -0.3721240E-02  0.9886868E+00 -0.4425630E-04  0.4686736E-03
 -0.1503927E+00 -0.3814890E+02  0.3838429E+00  0.4869073E+02 -0.4260573E-02  0.1007827E-01
  0.4390400E-02 -0.9667913E+00 -0.2600918E-02  0.1184686E+01 -0.1169974E-03  0.2687869E-03
  0.1561079E-03 -0.2803194E-02 -0.1763990E-03  0.6479346E-02  0.1661563E+01 -0.1173736E+02
  0.2682195E-04  0.6246423E-03 -0.2490510E-05 -0.7467735E-02 -0.2112646E-01  0.6436354E+00
 
  nonsymplectic matrix after backward rotation 
  0.4096305E+00  0.6210357E+02 -0.8894932E-01  0.2245152E+01  0.2190524E-02  0.2748420E-02
 -0.4339554E-02  0.1541813E+01 -0.1464090E-02  0.9718600E-01  0.3346159E-04  0.2191453E-03
  0.1137429E+00 -0.1783876E+01  0.4106964E+00  0.6201143E+02 -0.3676873E-02  0.1450907E-01
  0.2262914E-02 -0.6869692E-01 -0.4297539E-02  0.1539980E+01 -0.1205294E-03  0.4938387E-03
  0.1561079E-03 -0.2803194E-02 -0.1763990E-03  0.6479346E-02  0.1661563E+01 -0.1173736E+02
  0.2682195E-04  0.6246423E-03 -0.2490510E-05 -0.7467735E-02 -0.2112646E-01  0.6436354E+00
 
  symplectic matrix after backward rotation
  0.4096305E+00  0.5890415E+03 -0.8894932E-01  0.2129487E+02 -0.7115252E-03  0.5199287E-01
 -0.5050858E-03  0.1702084E+01 -0.1704071E-03  0.1072885E+00 -0.1265054E-05  0.4825173E-03
  0.1137429E+00 -0.1691975E+02  0.4106964E+00  0.5881675E+03  0.1194321E-02  0.2744735E+00
  0.2633833E-03 -0.7583795E-01 -0.5001956E-03  0.1700061E+01  0.4556751E-05  0.1087341E-02
 -0.5299203E-03  0.9025433E-01  0.5987999E-03 -0.2086152E+00  0.1832081E+01  0.7537317E+03
  0.1566170E-05  0.3459467E-03 -0.1454243E-06 -0.4135869E-02  0.4006984E-03  0.7109666E+00
 
  det1, det2, det3=    0.9947420   0.9924077   1.0005296
 
  symplecticity conditions aT*J*a
  0.0000000E+00  0.9905720E+00 -0.2797961E-03  0.9316322E-01 -0.3755541E-05 -0.1281927E-02
 -0.9905720E+00  0.0000000E+00  0.9063169E-01  0.4279220E+02 -0.1182554E-03  0.1561240E-02
  0.2797961E-03 -0.9063169E-01  0.0000000E+00  0.9864907E+00  0.2966479E-05  0.1085136E-02
 -0.9316322E-01 -0.4279220E+02 -0.9864907E+00  0.0000000E+00  0.8192771E-02  0.3146631E+01
  0.3755541E-05  0.1182554E-03 -0.2966479E-05 -0.8192771E-02  0.0000000E+00  0.1000529E+01
  0.1281927E-02 -0.1561240E-02 -0.1085136E-02 -0.3146631E+01 -0.1000529E+01  0.0000000E+00
 
  X-plane 
  cosmu > 1 -> Not stable
 
  Y-plane 
  cosmu > 1 -> Not stable
 
  Z-plane 
  cosmu > 1 -> Not stable
 
  beam sigma matrix (sm) before
  0.1000000E+01  0.0000000E+00  0.0000000E+00  0.0000000E+00  0.0000000E+00  0.0000000E+00
  0.0000000E+00  0.1000000E+01  0.0000000E+00  0.0000000E+00  0.0000000E+00  0.0000000E+00
  0.0000000E+00  0.0000000E+00  0.1000000E+01  0.0000000E+00  0.0000000E+00  0.0000000E+00
  0.0000000E+00  0.0000000E+00  0.0000000E+00  0.1000000E+01  0.0000000E+00  0.0000000E+00
  0.0000000E+00  0.0000000E+00  0.0000000E+00  0.0000000E+00  0.1000000E+01  0.0000000E+00
  0.0000000E+00  0.0000000E+00  0.0000000E+00  0.0000000E+00  0.0000000E+00  0.1000000E+01
 
  beam sigma matrix (sm) after
  0.3474235E+06  0.1004883E+04  0.2558540E+04 -0.8468917E+01  0.8790821E+02  0.1526697E+00
  0.1004883E+04  0.2908602E+01  0.3430475E+02  0.5331480E-01  0.4949249E+00  0.4881518E-03
  0.2558540E+04  0.3430475E+02  0.3462275E+06  0.1001204E+04  0.8265396E+02 -0.2243295E+01
 -0.8468917E+01  0.5331480E-01  0.1001204E+04  0.2895959E+01  0.4580683E+00 -0.6284398E-02
  0.8790821E+02  0.4949249E+00  0.8265396E+02  0.4580683E+00  0.5681149E+06  0.5358797E+03
  0.1526697E+00  0.4881518E-03 -0.2243295E+01 -0.6284398E-02  0.5358797E+03  0.5054909E+00
 
 
 Charge State:     1.00
 Length of the section     68.5800 cm
 
  nonsymplectic matrix: (cm,rad,cm,rad,rad,rel.u.)
  0.3967479E+00  0.4856896E+02  0.1669112E+00  0.3215149E+02  0.7946142E-02 -0.2631583E-01
 -0.5371955E-02  0.1002768E+01 -0.3960037E-02  0.7087444E+00  0.3136155E-03 -0.1416640E-02
 -0.1544235E+00 -0.3197400E+02  0.4047100E+00  0.4898165E+02  0.2205642E-02  0.8890429E-02
  0.4331206E-02 -0.6954961E+00 -0.5209973E-02  0.1003291E+01 -0.6918083E-04  0.1000090E-02
  0.3052184E-03  0.8093904E-02  0.5828847E-03  0.7275186E-02  0.1207437E+01 -0.9213155E+01
 -0.5546540E-04 -0.2976011E-02 -0.2707876E-04  0.1809355E-03  0.6128693E-01  0.2234950E+00
 
  nonsymplectic matrix after backward rotation 
  0.4189852E+00  0.5811782E+02 -0.6905382E-01  0.1833191E+01  0.5624030E-02 -0.2708448E-01
 -0.6843205E-02  0.1218381E+01 -0.6556593E-03  0.8034519E-01  0.3035703E-03 -0.1730406E-02
  0.7554399E-01 -0.1897389E+01  0.4322975E+00  0.5856244E+02  0.6031278E-02 -0.6163923E-02
  0.8875681E-03 -0.6932091E-01 -0.6511207E-02  0.1225747E+01  0.1048131E-03  0.1128901E-03
  0.3052184E-03  0.8093904E-02  0.5828847E-03  0.7275186E-02  0.1207437E+01 -0.9213155E+01
 -0.5546540E-04 -0.2976011E-02 -0.2707876E-04  0.1809355E-03  0.6128693E-01  0.2234950E+00
 
  symplectic matrix after backward rotation
  0.4189852E+00  0.4993318E+03 -0.6905382E-01  0.1575025E+02 -0.1656769E-02 -0.4638439E+00
 -0.8722865E-03  0.1334328E+01 -0.8357528E-04  0.8799123E-01 -0.1139917E-04 -0.3777453E-02
  0.7554399E-01 -0.1630183E+02  0.4322975E+00  0.5031519E+03 -0.1776739E-02 -0.1055622E+00
  0.1131361E-03 -0.7591782E-01 -0.8299676E-03  0.1342395E+01 -0.3935770E-05  0.2464375E-03
 -0.1133177E-02 -0.2581816E+00 -0.2164063E-02 -0.2320659E+00  0.1320584E+01  0.5857968E+03
 -0.3549263E-05 -0.1636178E-02 -0.1732785E-05  0.9947633E-04 -0.1155309E-02  0.2449262E+00
 
  det1, det2, det3=    0.9946242   0.9979137   1.0002221
 
  symplecticity conditions aT*J*a
  0.0000000E+00  0.9907343E+00 -0.2068648E-03  0.9509005E-01 -0.3213005E-06 -0.1551403E-03
 -0.9907343E+00  0.0000000E+00  0.9675464E-01  0.3923511E+02 -0.1093030E-02 -0.3840819E+00
  0.2068648E-03 -0.9675464E-01  0.0000000E+00  0.9931533E+00  0.2261082E-05  0.7260271E-03
 -0.9509005E-01 -0.3923511E+02 -0.9931533E+00  0.0000000E+00  0.5077782E-03  0.1319081E+00
  0.3213005E-06  0.1093030E-02 -0.2261082E-05 -0.5077782E-03  0.0000000E+00  0.1000222E+01
  0.1551403E-03  0.3840819E+00 -0.7260271E-03 -0.1319081E+00 -0.1000222E+01  0.0000000E+00
 
  X-plane 
     cosmu   0.87666     sinmu   0.48112
      muX      28.76   deg
     betX     0.12080E+03  cm/rad
    alphX    -0.95127E+00
 
  Y-plane 
     cosmu   0.88735     sinmu   0.46110
      muY      27.46   deg
     betY     0.12700E+03  cm/rad
    alphY    -0.98687E+00
 
  Z-plane 
     cosmu   0.78276     sinmu   0.62233
      muZ      38.49   deg
     betZ     0.92771E+01   deg/%
    alphZ     0.86422E+00
 
  beam sigma matrix (sm) before
  0.1037861E+04  0.9512695E+00  0.0000000E+00  0.0000000E+00  0.0000000E+00  0.0000000E+00
  0.9512695E+00  0.1813046E-02  0.0000000E+00  0.0000000E+00  0.0000000E+00  0.0000000E+00
  0.0000000E+00  0.0000000E+00  0.1091190E+04  0.9868684E+00  0.0000000E+00  0.0000000E+00
  0.0000000E+00  0.0000000E+00  0.9868684E+00  0.1799958E-02  0.0000000E+00  0.0000000E+00
  0.0000000E+00  0.0000000E+00  0.0000000E+00  0.0000000E+00  0.9412967E+03 -0.8642190E+00
  0.0000000E+00  0.0000000E+00  0.0000000E+00  0.0000000E+00 -0.8642190E+00  0.1856426E-02
 
  beam sigma matrix (sm) after
  0.1035786E+04  0.9476633E+00  0.1601226E+01  0.1681995E-03 -0.2424761E+01 -0.3784610E-02
  0.9476633E+00  0.1810417E-02  0.3790553E-01  0.2605642E-04 -0.9026798E-02  0.5442831E-05
  0.1601226E+01  0.3790553E-01  0.1092978E+04  0.9887200E+00 -0.3790186E+01  0.3171498E-03
  0.1681995E-03  0.2605642E-04  0.9887200E+00  0.1803612E-02 -0.4234263E-02  0.4792628E-05
 -0.2424761E+01 -0.9026798E-02 -0.3790186E+01 -0.4234263E-02  0.9415140E+03 -0.8643992E+00
 -0.3784610E-02  0.5442831E-05  0.3171498E-03  0.4792628E-05 -0.8643992E+00  0.1856871E-02
 
 
 Charge State:     1.00
 Length of the section     68.5800 cm
 
  nonsymplectic matrix: (cm,rad,cm,rad,rad,rel.u.)
  0.5547046E+00  0.5459834E+02  0.2134807E+00  0.2966294E+02  0.2147060E-02 -0.5379542E-02
 -0.2155352E-02  0.1118374E+01 -0.1762350E-02  0.6431304E+00  0.9177820E-04 -0.4110269E-03
 -0.2147953E+00 -0.2970972E+02  0.5604236E+00  0.5487204E+02 -0.1535422E-02  0.1420693E-02
  0.1780341E-02 -0.6340513E+00 -0.2060293E-02  0.1114145E+01 -0.2328690E-04 -0.2625075E-04
  0.2563276E-03  0.1441332E-03  0.3617259E-04  0.5123337E-02  0.1163113E+01 -0.8802432E+01
 -0.5572065E-04  0.2271584E-03 -0.4767108E-04 -0.2528953E-02  0.2614828E-01  0.5359227E+00
 
  nonsymplectic matrix after backward rotation 
  0.5917419E+00  0.6213592E+02 -0.6439746E-01  0.1499324E+01  0.2610232E-02 -0.5437826E-02
 -0.2728878E-02  0.1284349E+01 -0.6341024E-03  0.6682760E-01  0.9234058E-04 -0.3542455E-03
  0.6062843E-01 -0.1665337E+01  0.5962396E+00  0.6235850E+02 -0.3925240E-03 -0.1178085E-02
  0.6069477E-03 -0.5681826E-01 -0.2636020E-02  0.1284706E+01  0.2094602E-04 -0.2101007E-03
  0.2563276E-03  0.1441332E-03  0.3617259E-04  0.5123337E-02  0.1163113E+01 -0.8802432E+01
 -0.5572065E-04  0.2271584E-03 -0.4767108E-04 -0.2528953E-02  0.2614828E-01  0.5359227E+00
 
  symplectic matrix after backward rotation
  0.5917419E+00  0.4874647E+03 -0.6439746E-01  0.1176240E+02 -0.7030592E-03 -0.8497855E-01
 -0.3766680E-03  0.1390779E+01 -0.8752538E-04  0.7236539E-01 -0.3433049E-05 -0.7641225E-03
  0.6062843E-01 -0.1306479E+02  0.5962396E+00  0.4892109E+03  0.1057253E-03 -0.1841029E-01
  0.8377721E-04 -0.6152661E-01 -0.3638508E-03  0.1391165E+01 -0.7787337E-06 -0.4531962E-03
 -0.1029104E-02 -0.4539711E-02 -0.1452257E-03 -0.1613679E+00  0.1257763E+01  0.5522688E+03
 -0.3863715E-05  0.1235714E-03 -0.3305551E-05 -0.1375720E-02 -0.4883654E-03  0.5807311E+00
 
  det1, det2, det3=    1.0065944   1.0074675   1.0001308
 
  symplecticity conditions aT*J*a
  0.0000000E+00  0.1003959E+01 -0.1480570E-03  0.9061238E-01  0.3009845E-05  0.1026071E-02
 -0.1003959E+01  0.0000000E+00  0.8833536E-01  0.3084089E+02 -0.8322177E-03 -0.3203891E+00
  0.1480570E-03 -0.8833536E-01  0.0000000E+00  0.1003837E+01  0.3962223E-05  0.1506074E-02
 -0.9061238E-01 -0.3084089E+02 -0.1003837E+01  0.0000000E+00  0.1291586E-02  0.4671208E+00
 -0.3009845E-05  0.8322177E-03 -0.3962223E-05 -0.1291586E-02  0.0000000E+00  0.1000131E+01
 -0.1026071E-02  0.3203891E+00 -0.1506074E-02 -0.4671208E+00 -0.1000131E+01  0.0000000E+00
 
  X-plane 
     cosmu   0.99126     sinmu   0.13192
      muX       7.58   deg
     betX     0.47101E+03  cm/rad
    alphX    -0.30285E+01
 
  Y-plane 
     cosmu   0.99370     sinmu   0.11205
      muY       6.43   deg
     betY     0.55652E+03  cm/rad
    alphY    -0.35471E+01
 
  Z-plane 
     cosmu   0.91925     sinmu   0.39368
      muZ      23.18   deg
     betZ     0.13853E+02   deg/%
    alphZ     0.85987E+00
 
  beam sigma matrix (sm) before
  0.3695148E+04  0.3028486E+01  0.0000000E+00  0.0000000E+00  0.0000000E+00  0.0000000E+00
  0.3028486E+01  0.2855271E-02  0.0000000E+00  0.0000000E+00  0.0000000E+00  0.0000000E+00
  0.0000000E+00  0.0000000E+00  0.4365953E+04  0.3547150E+01  0.0000000E+00  0.0000000E+00
  0.0000000E+00  0.0000000E+00  0.3547150E+01  0.3247179E-02  0.0000000E+00  0.0000000E+00
  0.0000000E+00  0.0000000E+00  0.0000000E+00  0.0000000E+00  0.1402831E+04 -0.8598718E+00
  0.0000000E+00  0.0000000E+00  0.0000000E+00  0.0000000E+00 -0.8598718E+00  0.1240508E-02
 
  beam sigma matrix (sm) after
  0.3732697E+04  0.3055650E+01 -0.5534796E+02 -0.6655931E-01 -0.4591382E+01 -0.1196978E-01
  0.3055650E+01  0.2879630E-02  0.2228131E-01  0.2756922E-05 -0.7008804E-02 -0.6832946E-05
 -0.5534796E+02  0.2228131E-01  0.4407828E+04  0.3580090E+01 -0.1274544E+01 -0.2027684E-01
 -0.6655931E-01  0.2756922E-05  0.3580090E+01  0.3276951E-02 -0.1958368E-02 -0.1556077E-04
 -0.4591382E+01 -0.7008804E-02 -0.1274544E+01 -0.1958368E-02  0.1403019E+04 -0.8599645E+00
 -0.1196978E-01 -0.6832946E-05 -0.2027684E-01 -0.1556077E-04 -0.8599645E+00  0.1240809E-02
 
 
 Charge State:     1.00
 Length of the section    127.3218 cm
 
  nonsymplectic matrix: (cm,rad,cm,rad,rad,rel.u.)
  0.4152028E+00  0.1305699E+03  0.1070308E+00  0.7663374E+02  0.2586401E-01 -0.1241553E+00
 -0.3575296E-03  0.1627169E+01 -0.1210809E-02  0.9789874E+00  0.4781666E-03 -0.2703900E-02
 -0.8250625E-01 -0.7462808E+02  0.4250631E+00  0.1312125E+03  0.1008110E-01 -0.3052014E-01
  0.1698950E-02 -0.9282857E+00 -0.2391017E-03  0.1631247E+01  0.1856627E-03 -0.8441007E-03
  0.6303316E-03  0.2443425E-01  0.8182589E-03  0.4151151E-01  0.1679068E+01 -0.1623848E+02
 -0.9239725E-04 -0.4689587E-02 -0.1112236E-03 -0.6921934E-02 -0.1012128E+00  0.1496755E+01
 
  nonsymplectic matrix after backward rotation 
  0.4058141E+00  0.1503029E+03 -0.1033762E+00  0.6660778E+01  0.1818648E-01 -0.9562916E-01
 -0.1108035E-02  0.1872275E+01 -0.9598908E-03  0.1060499E+00  0.3365593E-03 -0.1999037E-02
  0.1204804E+00 -0.5185613E+01  0.4259667E+00  0.1518060E+03  0.2097206E-01 -0.8485925E-01
  0.1336606E-02 -0.6308966E-01 -0.7757814E-03  0.1899509E+01  0.3870940E-03 -0.2006846E-02
  0.6303316E-03  0.2443425E-01  0.8182589E-03  0.4151151E-01  0.1679068E+01 -0.1623848E+02
 -0.9239725E-04 -0.4689587E-02 -0.1112236E-03 -0.6921934E-02 -0.1012128E+00  0.1496755E+01
 
  symplectic matrix after backward rotation
  0.4058141E+00  0.1088912E+04 -0.1033762E+00  0.4825589E+02 -0.4529861E-02 -0.1379118E+01
 -0.1640714E-03  0.2008513E+01 -0.1421351E-03  0.1137668E+00 -0.1241302E-04 -0.4268856E-02
  0.1204804E+00 -0.3756864E+02  0.4259667E+00  0.1099802E+04 -0.5223689E-02 -0.1223800E+01
  0.1979170E-03 -0.6768044E-01 -0.1148732E-03  0.2037729E+01 -0.1427684E-04 -0.4285531E-02
 -0.2710980E-02 -0.7613452E+00 -0.3519233E-02 -0.1293455E+01  0.1798713E+01  0.1007195E+04
 -0.6877919E-05 -0.2529054E-02 -0.8279324E-05 -0.3732939E-02  0.1876591E-02  0.1606793E+01
 
  det1, det2, det3=    0.9937421   0.9943423   1.0000652
 
  symplecticity conditions aT*J*a
  0.0000000E+00  0.9930251E+00 -0.1727893E-03  0.8192374E-01  0.8171791E-06  0.3386769E-03
 -0.9930251E+00  0.0000000E+00  0.8600244E-01  0.2483934E+02 -0.1115271E-02 -0.4763304E+00
  0.1727893E-03 -0.8600244E-01  0.0000000E+00  0.9894428E+00  0.2245804E-05  0.9634207E-03
 -0.8192374E-01 -0.2483934E+02 -0.9894428E+00  0.0000000E+00 -0.8536913E-03 -0.5870786E+00
 -0.8171791E-06  0.1115271E-02 -0.2245804E-05  0.8536913E-03  0.0000000E+00  0.1000072E+01
 -0.3386769E-03  0.4763304E+00 -0.9634207E-03  0.5870786E+00 -0.1000072E+01  0.0000000E+00
 
  X-plane 
  cosmu > 1 -> Not stable
 
  Y-plane 
  cosmu > 1 -> Not stable
 
  Z-plane 
  cosmu > 1 -> Not stable
 
  beam sigma matrix (sm) before
  0.1000000E+01  0.0000000E+00  0.0000000E+00  0.0000000E+00  0.0000000E+00  0.0000000E+00
  0.0000000E+00  0.1000000E+01  0.0000000E+00  0.0000000E+00  0.0000000E+00  0.0000000E+00
  0.0000000E+00  0.0000000E+00  0.1000000E+01  0.0000000E+00  0.0000000E+00  0.0000000E+00
  0.0000000E+00  0.0000000E+00  0.0000000E+00  0.1000000E+01  0.0000000E+00  0.0000000E+00
  0.0000000E+00  0.0000000E+00  0.0000000E+00  0.0000000E+00  0.1000000E+01  0.0000000E+00
  0.0000000E+00  0.0000000E+00  0.0000000E+00  0.0000000E+00  0.0000000E+00  0.1000000E+01
 
  beam sigma matrix (sm) after
  0.1188060E+07  0.2192589E+04  0.1216467E+05  0.2464039E+02 -0.2280505E+04 -0.5150020E+01
  0.2192589E+04  0.4047084E+01  0.4966893E+02  0.9590703E-01 -0.5975916E+01 -0.1236351E-01
  0.1216467E+05  0.4966893E+02  0.1210977E+07  0.2243645E+04 -0.2626558E+04 -0.5976886E+01
  0.2464039E+02  0.9590703E-01  0.2243645E+04  0.4156937E+01 -0.6900574E+01 -0.1432154E-01
 -0.2280505E+04 -0.5975916E+01 -0.2626558E+04 -0.6900574E+01  0.1014448E+07  0.1618364E+04
 -0.5150020E+01 -0.1236351E-01 -0.5976886E+01 -0.1432154E-01  0.1618364E+04  0.2581806E+01
 
 
 Charge State:     1.00
 Length of the section    159.9800 cm
 
  nonsymplectic matrix: (cm,rad,cm,rad,rad,rel.u.)
 -0.2479784E+00  0.1776829E+03 -0.3374765E+00  0.1077833E+03  0.3859206E-02  0.2321209E-01
 -0.6290699E-02  0.1959430E+01 -0.5530451E-02  0.1192444E+01  0.2121617E-04  0.5827033E-03
  0.3318465E+00 -0.1041662E+03 -0.2863767E+00  0.1710128E+03  0.3062622E-02 -0.9676257E-02
  0.5325302E-02 -0.1099429E+01 -0.6692521E-02  0.1783016E+01  0.3492019E-04 -0.1003085E-03
 -0.8131732E-04 -0.2783769E-01  0.1152319E-03 -0.4910194E-02  0.3295087E+00 -0.9539867E+01
  0.8982525E-05 -0.6629672E-03 -0.8948437E-05  0.7464742E-03  0.6291820E-01  0.2290062E+00
 
  nonsymplectic matrix after backward rotation 
 -0.3769192E+00  0.2058786E+03 -0.1583821E+00  0.1236405E+02  0.1913144E-02  0.2500645E-01
 -0.8075633E-02  0.2246684E+01 -0.1634854E-02  0.1891367E+00  0.1829401E-05  0.5592358E-03
  0.1718932E+00 -0.5987087E+01 -0.4133002E+00  0.2017666E+03  0.4540154E-02  0.2666107E-02
  0.1647992E-02 -0.2280213E-01 -0.8526604E-02  0.2136655E+01  0.4081910E-04  0.1919904E-03
 -0.8131732E-04 -0.2783769E-01  0.1152319E-03 -0.4910194E-02  0.3295087E+00 -0.9539867E+01
  0.8982525E-05 -0.6629672E-03 -0.8948437E-05  0.7464742E-03  0.6291820E-01  0.2290062E+00
 
  symplectic matrix after backward rotation
 -0.3769192E+00  0.1390374E+04 -0.1583821E+00  0.8349897E+02 -0.4448263E-03  0.3359341E+00
 -0.1456929E-02  0.2737312E+01 -0.2949448E-03  0.2304401E+00 -0.7673852E-07  0.1355373E-02
  0.1718932E+00 -0.4043300E+02 -0.4133002E+00  0.1362604E+04 -0.1055634E-02  0.3581621E-01
  0.2973151E-03 -0.2778163E-01 -0.1538289E-02  0.2603255E+01 -0.1712253E-05  0.4653110E-03
  0.4239135E-03  0.9800490E+00 -0.6007129E-03  0.1728675E+00  0.3993961E+00  0.6680954E+03
  0.8167590E-06 -0.4071064E-03 -0.8136594E-06  0.4583853E-03 -0.1330192E-02  0.2797336E+00
 
  det1, det2, det3=    0.9939307   1.0201529   1.0004198
 
  symplecticity conditions aT*J*a
  0.0000000E+00  0.1001176E+01 -0.2611220E-03  0.7715391E-01 -0.1489722E-05 -0.3791888E-03
 -0.1001176E+01  0.0000000E+00  0.7417213E-01  0.2443357E+02  0.9780267E-05  0.1493238E+01
  0.2611220E-03 -0.7417213E-01  0.0000000E+00  0.1008283E+01  0.8879550E-07  0.1227603E-03
 -0.7715391E-01 -0.2443357E+02 -0.1008283E+01  0.0000000E+00  0.9803515E-04  0.3186672E+00
  0.1489722E-05 -0.9780267E-05 -0.8879550E-07 -0.9803515E-04  0.0000000E+00  0.1000419E+01
  0.3791888E-03 -0.1493238E+01 -0.1227603E-03 -0.3186672E+00 -0.1000419E+01  0.0000000E+00
 
  X-plane 
  cosmu > 1 -> Not stable
 
  Y-plane 
  cosmu > 1 -> Not stable
 
  Z-plane 
     cosmu   0.33956     sinmu   0.94058
      muZ      70.15   deg
     betZ     0.70438E+01   deg/%
    alphZ     0.63611E-01
 
  beam sigma matrix (sm) before
  0.1000000E+01  0.0000000E+00  0.0000000E+00  0.0000000E+00  0.0000000E+00  0.0000000E+00
  0.0000000E+00  0.1000000E+01  0.0000000E+00  0.0000000E+00  0.0000000E+00  0.0000000E+00
  0.0000000E+00  0.0000000E+00  0.1000000E+01  0.0000000E+00  0.0000000E+00  0.0000000E+00
  0.0000000E+00  0.0000000E+00  0.0000000E+00  0.1000000E+01  0.0000000E+00  0.0000000E+00
  0.0000000E+00  0.0000000E+00  0.0000000E+00  0.0000000E+00  0.7102995E+03 -0.6361085E-01
  0.0000000E+00  0.0000000E+00  0.0000000E+00  0.0000000E+00 -0.6361085E-01  0.1414222E-02
 
  beam sigma matrix (sm) after
  0.1940112E+07  0.3825129E+04  0.5755905E+05  0.1787424E+03  0.1377270E+04 -0.5271660E+00
  0.3825129E+04  0.7545981E+01  0.2033207E+03  0.5238473E+00  0.2723763E+01 -0.1008023E-02
  0.5755905E+05  0.2033207E+03  0.1858325E+07  0.3548330E+04  0.1957022E+03  0.6420921E+00
  0.1787424E+03  0.5238473E+00  0.3548330E+04  0.6777712E+01  0.4228067E+00  0.1206477E-02
  0.1377270E+04  0.2723763E+01  0.1957022E+03  0.4228067E+00  0.7115881E+03 -0.6395730E-01
 -0.5271660E+00 -0.1008023E-02  0.6420921E+00  0.1206477E-02 -0.6395730E-01  0.1415191E-02
 
 
 Charge State:     1.00
 Length of the section    159.9800 cm
 
  nonsymplectic matrix: (cm,rad,cm,rad,rad,rel.u.)
 -0.1322529E+00  0.1504149E+03 -0.1470861E+00  0.8075067E+02  0.4379990E-03 -0.1442029E-01
 -0.5958232E-02  0.1593834E+01 -0.3429342E-02  0.8953674E+00  0.1310575E-04 -0.1964307E-03
  0.1570189E+00 -0.7890663E+02 -0.5635334E-01  0.1557537E+03  0.1653003E-02  0.1253271E-01
  0.3530835E-02 -0.8163467E+00 -0.5035785E-02  0.1631413E+01 -0.5412268E-05  0.3643294E-03
 -0.1554932E-03 -0.2923595E-01  0.8742367E-04  0.9330223E-02  0.8741045E+00 -0.1084316E+02
  0.7567744E-05  0.8895701E-02 -0.4969418E-05 -0.2110503E-02  0.4815234E-01  0.2151778E+00
 
  nonsymplectic matrix after backward rotation 
 -0.1863016E+00  0.1696769E+03 -0.1093834E+00  0.7196658E+01 -0.3032014E-03 -0.1837069E-01
 -0.6892822E-02  0.1789568E+01 -0.9742012E-03  0.1202770E+00  0.1416457E-04 -0.3322300E-03
  0.8624081E-01 -0.7786934E+01 -0.1133371E+00  0.1752943E+03  0.1682953E-02  0.5247034E-02
  0.6755199E-03 -0.6460461E-01 -0.6014187E-02  0.1857074E+01  0.6467965E-06  0.2468688E-03
 -0.1554932E-03 -0.2923595E-01  0.8742367E-04  0.9330223E-02  0.8741045E+00 -0.1084316E+02
  0.7567744E-05  0.8895701E-02 -0.4969418E-05 -0.2110503E-02  0.4815234E-01  0.2151778E+00
 
  symplectic matrix after backward rotation
 -0.1863016E+00  0.9405048E+03 -0.1093834E+00  0.3989046E+02  0.5816170E-04 -0.2020366E+00
 -0.1478376E-02  0.2127523E+01 -0.2089472E-03  0.1429910E+00 -0.5827699E-06 -0.7836664E-03
  0.8624081E-01 -0.4316231E+02 -0.1133371E+00  0.9716415E+03 -0.3228330E-03  0.5770566E-01
  0.1448859E-03 -0.7680502E-01 -0.1289926E-02  0.2207777E+01 -0.2661101E-07  0.5823159E-03
  0.9574597E-03  0.9978481E+00 -0.5383171E-03 -0.3184486E+00  0.1032472E+01  0.7342934E+03
  0.8206916E-06  0.5347268E-02 -0.5389135E-06 -0.1268638E-02 -0.1001698E-02  0.2566349E+00
 
  det1, det2, det3=    0.9940588   1.0031228   1.0005086
 
  symplecticity conditions aT*J*a
  0.0000000E+00  0.9936930E+00 -0.2176060E-03  0.8195607E-01 -0.1567392E-05 -0.4677400E-03
 -0.9936930E+00  0.0000000E+00  0.8317359E-01  0.2895040E+02 -0.7215932E-02 -0.3998287E+01
  0.2176060E-03 -0.8317359E-01  0.0000000E+00  0.9958175E+00  0.7581277E-06  0.3095129E-03
 -0.8195607E-01 -0.2895040E+02 -0.9958175E+00  0.0000000E+00  0.2284146E-02  0.1285857E+01
  0.1567392E-05  0.7215932E-02 -0.7581277E-06 -0.2284146E-02  0.0000000E+00  0.1000508E+01
  0.4677400E-03  0.3998287E+01 -0.3095129E-03 -0.1285857E+01 -0.1000508E+01  0.0000000E+00
 
  X-plane 
     cosmu   0.97061     sinmu   0.24065
      muX      13.93   deg
     betX     0.70507E+03  cm/rad
    alphX    -0.48074E+01
 
  Y-plane 
  cosmu > 1 -> Not stable
 
  Z-plane 
     cosmu   0.64455     sinmu   0.76456
      muZ      49.87   deg
     betZ     0.95980E+01   deg/%
    alphZ     0.50738E+00
 
  beam sigma matrix (sm) before
  0.3908116E+04  0.4807364E+01  0.0000000E+00  0.0000000E+00  0.0000000E+00  0.0000000E+00
  0.4807364E+01  0.6143155E-02  0.0000000E+00  0.0000000E+00  0.0000000E+00  0.0000000E+00
  0.0000000E+00  0.0000000E+00  0.1000000E+01  0.0000000E+00  0.0000000E+00  0.0000000E+00
  0.0000000E+00  0.0000000E+00  0.0000000E+00  0.1000000E+01  0.0000000E+00  0.0000000E+00
  0.0000000E+00  0.0000000E+00  0.0000000E+00  0.0000000E+00  0.9604140E+03 -0.5073755E+00
  0.0000000E+00  0.0000000E+00  0.0000000E+00  0.0000000E+00 -0.5073755E+00  0.1310164E-02
 
  beam sigma matrix (sm) after
  0.5476158E+04  0.1048280E+02  0.3887565E+05  0.8824402E+02 -0.4252093E+01 -0.2162192E-01
  0.1048280E+02  0.2655311E-01  0.1390624E+03  0.3158793E+00 -0.3602872E-01 -0.1458930E-03
  0.3887565E+05  0.1390624E+03  0.9440920E+06  0.2145176E+04 -0.3093192E+03 -0.1231354E+01
  0.8824402E+02  0.3158793E+00  0.2145176E+04  0.4874294E+01 -0.7024114E+00 -0.2798985E-02
 -0.4252093E+01 -0.3602872E-01 -0.3093192E+03 -0.7024114E+00  0.9610228E+03 -0.5071651E+00
 -0.2162192E-01 -0.1458930E-03 -0.1231354E+01 -0.2798985E-02 -0.5071651E+00  0.1312660E-02
 
 
 Charge State:     1.00
 Length of the section    159.9800 cm
 
  nonsymplectic matrix: (cm,rad,cm,rad,rad,rel.u.)
 -0.2847981E-01  0.1511334E+03 -0.7308379E-01  0.7307013E+02  0.4804623E-02 -0.2120871E-01
 -0.5162381E-02  0.1521619E+01 -0.2567739E-02  0.7492893E+00  0.6487738E-04 -0.2995360E-03
  0.1132878E+00 -0.7109923E+02 -0.1022758E-01  0.1518180E+03 -0.7380213E-02  0.3387448E-01
  0.3012824E-02 -0.7081331E+00 -0.4956967E-02  0.1491731E+01 -0.1117303E-03  0.6333342E-03
  0.4934566E-04  0.7310545E-02 -0.3902607E-04 -0.2168516E-02  0.6960691E+00 -0.8733562E+01
 -0.3825087E-05 -0.2614615E-02  0.3147731E-05  0.5685523E-03  0.7358508E-01  0.1877147E+00
 
  nonsymplectic matrix after backward rotation 
 -0.7074310E-01  0.1669171E+03 -0.6317049E-01  0.7467055E+01  0.7320183E-02 -0.3282292E-01
 -0.5931308E-02  0.1677502E+01 -0.4110873E-03  0.1021635E+00  0.1035944E-03 -0.5244988E-03
  0.9295503E-01 -0.5924281E+01 -0.3814882E-01  0.1683217E+03 -0.4895597E-02  0.2280232E-01
  0.7395042E-03 -0.5256902E-01 -0.5567388E-02  0.1666211E+01 -0.7720703E-04  0.4644730E-03
  0.4934566E-04  0.7310545E-02 -0.3902607E-04 -0.2168516E-02  0.6960691E+00 -0.8733562E+01
 -0.3825087E-05 -0.2614615E-02  0.3147731E-05  0.5685523E-03  0.7358508E-01  0.1877147E+00
 
  symplectic matrix after backward rotation
 -0.7074310E-01  0.7782389E+03 -0.6317049E-01  0.3481460E+02 -0.1188811E-02 -0.3026660E+00
 -0.1449127E-02  0.1910869E+01 -0.1004361E-03  0.1163761E+00 -0.4110391E-05 -0.1181644E-02
  0.9295503E-01 -0.2762153E+02 -0.3814882E-01  0.7847879E+03  0.7950538E-03  0.2102642E+00
  0.1806744E-03 -0.5988221E-01 -0.1360214E-02  0.1898008E+01  0.3063399E-05  0.1046412E-02
 -0.3438766E-03 -0.2375284E+00  0.2719621E-03  0.7045767E-01  0.7877653E+00  0.5612178E+03
 -0.4740416E-06 -0.1510758E-02  0.3900971E-06  0.3285168E-03 -0.1481002E-02  0.2145160E+00
 
  det1, det2, det3=    0.9925860   0.9950730   1.0001532
 
  symplecticity conditions aT*J*a
  0.0000000E+00  0.9920106E+00 -0.2039831E-03  0.7685618E-01 -0.4081278E-06 -0.1034548E-03
 -0.9920106E+00  0.0000000E+00  0.7783434E-01  0.1861122E+02  0.5776927E-03  0.4393521E+00
  0.2039831E-03 -0.7783434E-01  0.0000000E+00  0.9912182E+00  0.3947529E-06  0.1297423E-03
 -0.7685618E-01 -0.1861122E+02 -0.9912182E+00  0.0000000E+00  0.5272057E-03  0.2469578E+00
  0.4081278E-06 -0.5776927E-03 -0.3947529E-06 -0.5272057E-03  0.0000000E+00  0.1000154E+01
  0.1034548E-03 -0.4393521E+00 -0.1297423E-03 -0.2469578E+00 -0.1000154E+01  0.0000000E+00
 
  X-plane 
     cosmu   0.92006     sinmu   0.39177
      muX      23.06   deg
     betX     0.42606E+03  cm/rad
    alphX    -0.25291E+01
 
  Y-plane 
     cosmu   0.92993     sinmu   0.36774
      muY      21.58   deg
     betY     0.45772E+03  cm/rad
    alphY    -0.26325E+01
 
  Z-plane 
     cosmu   0.50114     sinmu   0.86537
      muZ      59.92   deg
     betZ     0.65442E+01   deg/%
    alphZ     0.33122E+00
 
  beam sigma matrix (sm) before
  0.1986468E+04  0.2529050E+01  0.0000000E+00  0.0000000E+00  0.0000000E+00  0.0000000E+00
  0.2529050E+01  0.3698921E-02  0.0000000E+00  0.0000000E+00  0.0000000E+00  0.0000000E+00
  0.0000000E+00  0.0000000E+00  0.2134094E+04  0.2632520E+01  0.0000000E+00  0.0000000E+00
  0.0000000E+00  0.0000000E+00  0.2632520E+01  0.3698866E-02  0.0000000E+00  0.0000000E+00
  0.0000000E+00  0.0000000E+00  0.0000000E+00  0.0000000E+00  0.6485324E+03 -0.3312179E+00
  0.0000000E+00  0.0000000E+00  0.0000000E+00  0.0000000E+00 -0.3312179E+00  0.1711418E-02
 
  beam sigma matrix (sm) after
  0.1973162E+04  0.2510271E+01  0.6751935E+02  0.1560362E+00 -0.1882243E+01 -0.4007492E-02
  0.2510271E+01  0.3681590E-02  0.2144440E+00  0.3392557E-03 -0.3606116E-02 -0.2750780E-05
  0.6751935E+02  0.2144440E+00  0.2130579E+04  0.2632332E+01  0.1071616E+01  0.7997935E-03
  0.1560362E+00  0.3392557E-03  0.2632332E+01  0.3704032E-02  0.2412148E-02 -0.7698018E-06
 -0.1882243E+01 -0.3606116E-02  0.1071616E+01  0.2412148E-02  0.6486329E+03 -0.3312647E+00
 -0.4007492E-02 -0.2750780E-05  0.7997935E-03 -0.7698018E-06 -0.3312647E+00  0.1711694E-02
 
 
 Charge State:     1.00
 Length of the section    152.3218 cm
 
  nonsymplectic matrix: (cm,rad,cm,rad,rad,rel.u.)
  0.3318894E+00  0.1393899E+03  0.5445556E-01  0.5292595E+02  0.2743346E-02 -0.5370290E-02
 -0.3401773E-02  0.1102990E+01 -0.1433991E-02  0.4269687E+00  0.3489189E-04 -0.1217419E-03
 -0.8022673E-01 -0.5413312E+02  0.3722280E+00  0.1414520E+03 -0.5223188E-02  0.1864245E-01
  0.1162301E-02 -0.4452613E+00 -0.2976127E-02  0.1133281E+01 -0.6551442E-04  0.2839432E-03
  0.6027915E-04  0.3589924E-02 -0.3804389E-04 -0.1324288E-02  0.9987679E+00 -0.9294251E+01
 -0.9771729E-05 -0.1121458E-02  0.6501924E-05  0.3871149E-03 -0.1687804E-02  0.9050617E+00
 
  nonsymplectic matrix after backward rotation 
  0.3399033E+00  0.1494239E+03 -0.6996673E-01  0.3879962E+01  0.4297341E-02 -0.1115869E-01
 -0.3594841E-02  0.1187905E+01 -0.3845370E-03  0.3386292E-01  0.5435726E-04 -0.2077191E-03
  0.3244493E-01 -0.5693876E+01  0.3696265E+00  0.1509794E+03 -0.4042339E-02  0.1587024E-01
 -0.1115607E-04 -0.6103716E-01 -0.3281127E-02  0.1210570E+01 -0.5054574E-04  0.2286867E-03
  0.6027915E-04  0.3589924E-02 -0.3804389E-04 -0.1324288E-02  0.9987679E+00 -0.9294251E+01
 -0.9771729E-05 -0.1121458E-02  0.6501924E-05  0.3871149E-03 -0.1687804E-02  0.9050617E+00
 
  symplectic matrix after backward rotation
  0.3399033E+00  0.6115955E+03 -0.6996673E-01  0.1588077E+02 -0.6166606E-03 -0.9004052E-01
 -0.9327498E-03  0.1261570E+01 -0.9977543E-04  0.3596285E-01 -0.2023902E-05 -0.4348975E-03
  0.3244493E-01 -0.2330516E+02  0.3696265E+00  0.6179621E+03  0.5800683E-03  0.1280585E+00
 -0.2894654E-05 -0.6482223E-01 -0.8513507E-03  0.1285641E+01  0.1881986E-05  0.4787969E-03
 -0.4445207E-03 -0.1083563E+00  0.2805496E-03  0.3997160E-01  0.1056905E+01  0.5530496E+03
 -0.1288378E-05 -0.6052002E-03  0.8572625E-06  0.2089084E-03  0.3193304E-04  0.9628864E+00
 
  det1, det2, det3=    0.9992774   1.0013094   1.0000185
 
  symplecticity conditions aT*J*a
  0.0000000E+00  0.9971069E+00 -0.1257275E-03  0.7053795E-01  0.1471172E-06  0.6861107E-04
 -0.9971069E+00  0.0000000E+00  0.7104670E-01  0.1205563E+02  0.1700714E-03  0.7512461E-01
  0.1257275E-03 -0.7104670E-01  0.0000000E+00  0.1000378E+01  0.3724659E-06  0.1034720E-03
 -0.7053795E-01 -0.1205563E+02 -0.1000378E+01  0.0000000E+00  0.1877527E-03  0.5052409E-01
 -0.1471172E-06 -0.1700714E-03 -0.3724659E-06 -0.1877527E-03  0.0000000E+00  0.1000019E+01
 -0.6861107E-04 -0.7512461E-01 -0.1034720E-03 -0.5052409E-01 -0.1000019E+01  0.0000000E+00
 
  X-plane 
     cosmu   0.80074     sinmu   0.59902
      muX      36.80   deg
     betX     0.24945E+03  cm/rad
    alphX    -0.76932E+00
 
  Y-plane 
     cosmu   0.82763     sinmu   0.56127
      muY      34.14   deg
     betY     0.26900E+03  cm/rad
    alphY    -0.81602E+00
 
  Z-plane 
  cosmu > 1 -> Not stable
 
  beam sigma matrix (sm) before
  0.1021000E+04  0.7693169E+00  0.0000000E+00  0.0000000E+00  0.0000000E+00  0.0000000E+00
  0.7693169E+00  0.1557136E-02  0.0000000E+00  0.0000000E+00  0.0000000E+00  0.0000000E+00
  0.0000000E+00  0.0000000E+00  0.1101009E+04  0.8160211E+00  0.0000000E+00  0.0000000E+00
  0.0000000E+00  0.0000000E+00  0.8160211E+00  0.1516833E-02  0.0000000E+00  0.0000000E+00
  0.0000000E+00  0.0000000E+00  0.0000000E+00  0.0000000E+00  0.1000000E+01  0.0000000E+00
  0.0000000E+00  0.0000000E+00  0.0000000E+00  0.0000000E+00  0.0000000E+00  0.1000000E+01
 
  beam sigma matrix (sm) after
  0.1024229E+04  0.7740063E+00 -0.4585482E+02 -0.6897623E-01 -0.5031177E+02 -0.8854856E-01
  0.7740063E+00  0.1563266E-02 -0.7488482E-01 -0.4708919E-04 -0.2406889E+00 -0.4196096E-03
 -0.4585482E+02 -0.7488482E-01  0.1103225E+04  0.8178413E+00  0.7112297E+02  0.1243331E+00
 -0.6897623E-01 -0.4708919E-04  0.8178413E+00  0.1525888E-02  0.2649166E+00  0.4615157E-03
 -0.5031177E+02 -0.2406889E+00  0.7112297E+02  0.2649166E+00  0.3058650E+06  0.5325240E+03
 -0.8854856E-01 -0.4196096E-03  0.1243331E+00  0.4615157E-03  0.5325240E+03  0.9271503E+00
 
 
 Charge State:     1.00
 Length of the section    159.9800 cm
 
  nonsymplectic matrix: (cm,rad,cm,rad,rad,rel.u.)
  0.5587481E+00  0.1524834E+03  0.1238232E+00  0.4756565E+02  0.1300264E-02 -0.2443556E-02
 -0.9829477E-03  0.1242984E+01 -0.3243204E-03  0.3984476E+00  0.3417600E-05  0.4400721E-04
 -0.1192173E+00 -0.4726638E+02  0.6063446E+00  0.1540350E+03 -0.2187375E-02  0.5866017E-02
  0.4176030E-03 -0.3819588E+00 -0.6034577E-03  0.1228544E+01 -0.2233067E-04  0.5437510E-04
  0.3734389E-04 -0.1290739E-03 -0.2445562E-06  0.1880462E-02  0.9741954E+00 -0.8858749E+01
 -0.6776409E-05  0.1720851E-02 -0.1934471E-05 -0.9613372E-03  0.2258242E-01  0.6343707E+00
 
  nonsymplectic matrix after backward rotation 
  0.5701706E+00  0.1595838E+03 -0.4473421E-01  0.4145480E+01  0.1843263E-02 -0.3938613E-02
 -0.1059248E-02  0.1299961E+01 -0.1490756E-03  0.5142876E-01  0.9328141E-05  0.2766595E-04
  0.3629929E-01 -0.4276890E+01  0.6172396E+00  0.1611586E+03 -0.1754332E-02  0.4986827E-02
  0.1362759E-03 -0.3164995E-01 -0.6686714E-03  0.1290518E+01 -0.2057485E-04  0.6424859E-04
  0.3734389E-04 -0.1290739E-03 -0.2445562E-06  0.1880462E-02  0.9741954E+00 -0.8858749E+01
 -0.6776409E-05  0.1720851E-02 -0.1934471E-05 -0.9613372E-03  0.2258242E-01  0.6343707E+00
 
  symplectic matrix after backward rotation
  0.5701706E+00  0.6150401E+03 -0.4473421E-01  0.1597678E+02 -0.2499553E-03 -0.2987248E-01
 -0.3044360E-03  0.1439936E+01 -0.4284544E-04  0.5696639E-01 -0.3635536E-06  0.6030756E-04
  0.3629929E-01 -0.1648324E+02  0.6172396E+00  0.6211092E+03  0.2378959E-03  0.3782269E-01
  0.3916671E-04 -0.3505788E-01 -0.1921812E-03  0.1429475E+01  0.8018812E-06  0.1400521E-03
 -0.3028799E-03  0.4034632E-02  0.1983489E-05 -0.5878006E-01  0.1071451E+01  0.5449434E+03
 -0.9931151E-06  0.9719810E-03 -0.2835059E-06 -0.5429880E-03 -0.4487926E-03  0.7051331E+00
 
  det1, det2, det3=    1.0082494   1.0016944   1.0000820
 
  symplecticity conditions aT*J*a
  0.0000000E+00  0.1007622E+01 -0.6919911E-04  0.6490672E-01  0.9364115E-06  0.3565146E-03
 -0.1007622E+01  0.0000000E+00  0.6286960E-01  0.1024352E+02 -0.9117985E-03 -0.4477062E+00
  0.6919911E-04 -0.6286960E-01  0.0000000E+00  0.9998306E+00  0.8490983E-06  0.2456301E-03
 -0.6490672E-01 -0.1024352E+02 -0.9998306E+00  0.0000000E+00  0.7745851E-03  0.2900363E+00
 -0.9364115E-06  0.9117985E-03 -0.8490983E-06 -0.7745851E-03  0.0000000E+00  0.1000082E+01
 -0.3565146E-03  0.4477062E+00 -0.2456301E-03 -0.2900363E+00 -0.1000082E+01  0.0000000E+00
 
  X-plane 
  cosmu > 1 -> Not stable
 
  Y-plane 
  cosmu > 1 -> Not stable
 
  Z-plane 
     cosmu   0.88829     sinmu   0.45928
      muZ      27.34   deg
     betZ     0.12155E+02   deg/%
    alphZ     0.39880E+00
 
  beam sigma matrix (sm) before
  0.1000000E+01  0.0000000E+00  0.0000000E+00  0.0000000E+00  0.0000000E+00  0.0000000E+00
  0.0000000E+00  0.1000000E+01  0.0000000E+00  0.0000000E+00  0.0000000E+00  0.0000000E+00
  0.0000000E+00  0.0000000E+00  0.1000000E+01  0.0000000E+00  0.0000000E+00  0.0000000E+00
  0.0000000E+00  0.0000000E+00  0.0000000E+00  0.1000000E+01  0.0000000E+00  0.0000000E+00
  0.0000000E+00  0.0000000E+00  0.0000000E+00  0.0000000E+00  0.1186519E+04 -0.3987965E+00
  0.0000000E+00  0.0000000E+00  0.0000000E+00  0.0000000E+00 -0.3987965E+00  0.9771673E-03
 
  beam sigma matrix (sm) after
  0.3785299E+06  0.8865282E+03 -0.2145324E+03  0.1276447E+01  0.1275582E+01  0.5893090E+00
  0.8865282E+03  0.2076660E+01  0.1164751E+02  0.3095096E-01  0.2084384E-02  0.1369007E-02
 -0.2145324E+03  0.1164751E+02  0.3860488E+06  0.8884382E+03 -0.3632064E+02 -0.3534372E+00
  0.1276447E+01  0.3095096E-01  0.8884382E+03  0.2044629E+01 -0.8330621E-01 -0.8107945E-03
  0.1275582E+01  0.2084384E-02 -0.3632064E+02 -0.8330621E-01  0.1186620E+04 -0.3987933E+00
  0.5893090E+00  0.1369007E-02 -0.3534372E+00 -0.8107945E-03 -0.3987933E+00  0.9784871E-03
 
 
 Charge State:     1.00
 Length of the section    159.9800 cm
 
  nonsymplectic matrix: (cm,rad,cm,rad,rad,rel.u.)
  0.5587698E+00  0.1567831E+03  0.1165187E+00  0.4937061E+02  0.2071347E-02 -0.2622715E-02
 -0.8092863E-03  0.1327003E+01 -0.4187510E-03  0.4216282E+00  0.5404630E-05  0.8099708E-04
 -0.1190268E+00 -0.4969826E+02  0.5771611E+00  0.1577817E+03  0.1403917E-02 -0.4215807E-02
  0.3866872E-03 -0.4212430E+00 -0.6872887E-03  0.1311492E+01  0.1464085E-04 -0.6626062E-04
  0.2834646E-04  0.4813217E-03  0.3457574E-04  0.1073746E-02  0.8528220E+00 -0.7704091E+01
 -0.4513361E-05 -0.1506895E-03 -0.6053226E-05  0.7856543E-04  0.5575654E-01  0.5069540E+00
 
  nonsymplectic matrix after backward rotation 
  0.5699503E+00  0.1644062E+03 -0.4681328E-01  0.4043264E+01  0.1605015E-02 -0.1361269E-02
 -0.8844531E-03  0.1391689E+01 -0.2134424E-03  0.4442971E-01  0.1166830E-05  0.9610433E-04
  0.3934075E-01 -0.4633070E+01  0.5869412E+00  0.1652761E+03  0.1919737E-02 -0.4774789E-02
  0.1490433E-03 -0.3979094E-01 -0.7759900E-03  0.1376883E+01  0.1556287E-04 -0.4141201E-04
  0.2834646E-04  0.4813217E-03  0.3457574E-04  0.1073746E-02  0.8528220E+00 -0.7704091E+01
 -0.4513361E-05 -0.1506895E-03 -0.6053226E-05  0.7856543E-04  0.5575654E-01  0.5069540E+00
 
  symplectic matrix after backward rotation
  0.5699503E+00  0.5720317E+03 -0.4681328E-01  0.1406805E+02 -0.1978919E-03 -0.9288468E-02
 -0.2742489E-03  0.1501462E+01 -0.6618367E-04  0.4793421E-01 -0.4460944E-07  0.2033355E-03
  0.3934075E-01 -0.1612021E+02  0.5869412E+00  0.5750583E+03 -0.2366959E-03 -0.3258023E-01
  0.4621497E-04 -0.4292954E-01 -0.2406170E-03  0.1485488E+01 -0.5949890E-06 -0.8761865E-04
 -0.2465028E-03 -0.1456332E-01 -0.3006731E-03 -0.3248827E-01  0.9143878E+00  0.4571350E+03
 -0.7158025E-06 -0.8315298E-04 -0.9600194E-06  0.4335373E-04 -0.1090280E-02  0.5486074E+00
 
  det1, det2, det3=    1.0126376   1.0102631   1.0000449
 
  symplecticity conditions aT*J*a
  0.0000000E+00  0.1011694E+01 -0.8715140E-04  0.6304214E-01  0.8311128E-06  0.3033876E-03
 -0.1011694E+01  0.0000000E+00  0.6150508E-01  0.7037852E+01  0.3629513E-03  0.1602970E+00
  0.8715140E-04 -0.6150508E-01  0.0000000E+00  0.1008950E+01  0.7884622E-06  0.2045071E-03
 -0.6304214E-01 -0.7037852E+01 -0.1008950E+01  0.0000000E+00  0.1409300E-04 -0.3632432E-01
 -0.8311128E-06 -0.3629513E-03 -0.7884622E-06 -0.1409300E-04  0.0000000E+00  0.1000045E+01
 -0.3033876E-03 -0.1602970E+00 -0.2045071E-03  0.3632432E-01 -0.1000045E+01  0.0000000E+00
 
  X-plane 
  cosmu > 1 -> Not stable
 
  Y-plane 
  cosmu > 1 -> Not stable
 
  Z-plane 
     cosmu   0.73150     sinmu   0.68184
      muZ      42.99   deg
     betZ     0.69411E+01   deg/%
    alphZ     0.26823E+00
 
  beam sigma matrix (sm) before
  0.1000000E+01  0.0000000E+00  0.0000000E+00  0.0000000E+00  0.0000000E+00  0.0000000E+00
  0.0000000E+00  0.1000000E+01  0.0000000E+00  0.0000000E+00  0.0000000E+00  0.0000000E+00
  0.0000000E+00  0.0000000E+00  0.1000000E+01  0.0000000E+00  0.0000000E+00  0.0000000E+00
  0.0000000E+00  0.0000000E+00  0.0000000E+00  0.1000000E+01  0.0000000E+00  0.0000000E+00
  0.0000000E+00  0.0000000E+00  0.0000000E+00  0.0000000E+00  0.6704392E+03 -0.2682288E+00
  0.0000000E+00  0.0000000E+00  0.0000000E+00  0.0000000E+00 -0.2682288E+00  0.1599016E-02
 
  beam sigma matrix (sm) after
  0.3274185E+06  0.8595578E+03 -0.1131327E+04 -0.3659097E+01 -0.8889415E+01 -0.4679370E-01
  0.8595578E+03  0.2256685E+01  0.3361038E+01  0.6748653E-02 -0.2334659E-01 -0.1224956E-03
 -0.1131327E+04  0.3361038E+01  0.3309523E+06  0.8549342E+03 -0.1857998E+02  0.2644051E-01
 -0.3659097E+01  0.6748653E-02  0.8549342E+03  0.2208518E+01 -0.4797003E-01  0.6839135E-04
 -0.8889415E+01 -0.2334659E-01 -0.1857998E+02 -0.4797003E-01  0.6704706E+03 -0.2682411E+00
 -0.4679370E-01 -0.1224956E-03  0.2644051E-01  0.6839135E-04 -0.2682411E+00  0.1599097E-02
 
 
 Charge State:     1.00
 Length of the section    159.9800 cm
 
  nonsymplectic matrix: (cm,rad,cm,rad,rad,rel.u.)
  0.5436062E+00  0.1543502E+03  0.1060448E+00  0.4753647E+02 -0.4727220E-03  0.5664889E-02
 -0.1267188E-02  0.1247028E+01 -0.5697609E-03  0.3876122E+00 -0.2882701E-04  0.2110927E-03
 -0.1216817E+00 -0.4860963E+02  0.5659200E+00  0.1561523E+03  0.6218333E-03 -0.2201556E-03
  0.3893042E-03 -0.4010783E+00 -0.1082385E-02  0.1253559E+01  0.5223535E-06  0.2210331E-04
  0.9826287E-05  0.2375026E-02  0.2749046E-04  0.7808407E-03  0.8917172E+00 -0.7386894E+01
  0.3714166E-06 -0.5329909E-02 -0.2580945E-04 -0.1626112E-03  0.4762832E-01  0.5935643E+00
 
  nonsymplectic matrix after backward rotation 
  0.5562493E+00  0.1617460E+03 -0.5110727E-01  0.3491731E+01 -0.6234011E-03  0.5512984E-02
 -0.1325260E-02  0.1309041E+01 -0.2554904E-03  0.3380599E-01 -0.2789215E-04  0.1972282E-03
  0.3001389E-01 -0.5012648E+01  0.5734972E+00  0.1631903E+03  0.4706525E-03  0.1321532E-02
  0.3174554E-04 -0.4853714E-01 -0.1196206E-02  0.1311682E+01 -0.7300533E-05  0.7842022E-04
  0.9826287E-05  0.2375026E-02  0.2749046E-04  0.7808407E-03  0.8917172E+00 -0.7386894E+01
  0.3714166E-06 -0.5329909E-02 -0.2580945E-04 -0.1626112E-03  0.4762832E-01  0.5935643E+00
 
  symplectic matrix after backward rotation
  0.5562493E+00  0.5216308E+03 -0.5110727E-01  0.1126084E+02  0.7168768E-04  0.3476111E-01
 -0.4384631E-03  0.1396738E+01 -0.8452914E-04  0.3607078E-01  0.1061184E-05  0.4114412E-03
  0.3001389E-01 -0.1616579E+02  0.5734972E+00  0.5262887E+03 -0.5412244E-04  0.8332678E-02
  0.1050303E-04 -0.5178881E-01 -0.3957655E-03  0.1399556E+01  0.2777560E-06  0.1635938E-03
 -0.9062595E-04 -0.7064175E-01 -0.2535392E-03 -0.2322498E-01  0.9457303E+00  0.4295680E+03
  0.6303692E-07 -0.2917315E-02 -0.4380385E-05 -0.8900491E-04 -0.9295567E-03  0.6351968E+00
 
  det1, det2, det3=    1.0056504   1.0109285   1.0000327
 
  symplecticity conditions aT*J*a
  0.0000000E+00  0.1004266E+01 -0.8732944E-04  0.6148032E-01  0.6552465E-06  0.1642840E-03
 -0.1004266E+01  0.0000000E+00  0.6338862E-01  0.7718060E+01  0.3270783E-02  0.1372169E+01
  0.8732944E-04 -0.6338862E-01  0.0000000E+00  0.1010037E+01  0.4468040E-05  0.1799655E-02
 -0.6148032E-01 -0.7718060E+01 -0.1010037E+01  0.0000000E+00  0.3370548E-03  0.1012961E+00
 -0.6552465E-06 -0.3270783E-02 -0.4468040E-05 -0.3370548E-03  0.0000000E+00  0.1000033E+01
 -0.1642840E-03 -0.1372169E+01 -0.1799655E-02 -0.1012961E+00 -0.1000033E+01  0.0000000E+00
 
  X-plane 
     cosmu   0.97649     sinmu   0.21555
      muX      12.45   deg
     betX     0.75040E+03  cm/rad
    alphX    -0.19497E+01
 
  Y-plane 
     cosmu   0.98653     sinmu   0.16360
      muY       9.42   deg
     betY     0.99749E+03  cm/rad
    alphY    -0.25246E+01
 
  Z-plane 
     cosmu   0.79046     sinmu   0.61251
      muZ      37.77   deg
     betZ     0.73284E+01   deg/%
    alphZ     0.25349E+00
 
  beam sigma matrix (sm) before
  0.2420038E+04  0.1949668E+01  0.0000000E+00  0.0000000E+00  0.0000000E+00  0.0000000E+00
  0.1949668E+01  0.2034192E-02  0.0000000E+00  0.0000000E+00  0.0000000E+00  0.0000000E+00
  0.0000000E+00  0.0000000E+00  0.3216921E+04  0.2524628E+01  0.0000000E+00  0.0000000E+00
  0.0000000E+00  0.0000000E+00  0.2524628E+01  0.2419102E-02  0.0000000E+00  0.0000000E+00
  0.0000000E+00  0.0000000E+00  0.0000000E+00  0.0000000E+00  0.7013251E+03 -0.2534929E+00
  0.0000000E+00  0.0000000E+00  0.0000000E+00  0.0000000E+00 -0.2534929E+00  0.1517621E-02
 
  beam sigma matrix (sm) after
  0.2439515E+04  0.1968507E+01 -0.9530998E+02 -0.1749370E+00 -0.2748221E+00 -0.5522301E-02
  0.1968507E+01  0.2056424E-02 -0.1523367E+00 -0.1903856E-03  0.5157169E-03 -0.5255758E-05
 -0.9530998E+02 -0.1523367E+00  0.3252896E+04  0.2551323E+01 -0.8999283E+00 -0.1416187E-01
 -0.1749370E+00 -0.1903856E-03  0.2551323E+01  0.2449141E-02 -0.3942256E-03 -0.9899730E-05
 -0.2748221E+00  0.5157169E-03 -0.8999283E+00 -0.3942256E-03  0.7013484E+03 -0.2534964E+00
 -0.5522301E-02 -0.5255758E-05 -0.1416187E-01 -0.9899730E-05 -0.2534964E+00  0.1517751E-02
 
 
 Charge State:     1.00
 Length of the section    152.3218 cm
 
  nonsymplectic matrix: (cm,rad,cm,rad,rad,rel.u.)
  0.6618411E+00  0.1477646E+03  0.1225565E+00  0.4001412E+02 -0.1944450E-02  0.7513949E-02
 -0.1247224E-02  0.1106906E+01 -0.4865904E-03  0.3003895E+00 -0.2934860E-04  0.1237484E-03
 -0.1389769E+00 -0.4092371E+02  0.6744139E+00  0.1481454E+03 -0.7943382E-03  0.3073810E-02
  0.2765814E-03 -0.3193879E+00 -0.1171118E-02  0.1106177E+01 -0.1065395E-04  0.4705622E-04
 -0.2819639E-05 -0.1810526E-03 -0.1368101E-05 -0.1501487E-03  0.9462632E+00 -0.6997954E+01
  0.1093964E-05  0.1166840E-03  0.6720015E-06  0.9927425E-04  0.1485430E-01  0.8886399E+00
 
  nonsymplectic matrix after backward rotation 
  0.6758093E+00  0.1532748E+03 -0.4407085E-01  0.3023716E+01 -0.1694830E-02  0.6548313E-02
 -0.1277096E-02  0.1151283E+01 -0.1891266E-03  0.2414074E-01 -0.2590369E-04  0.1087072E-03
  0.2509863E-01 -0.3998376E+01  0.6840409E+00  0.1534244E+03 -0.1240730E-02  0.4798680E-02
 -0.3305033E-04 -0.4239952E-01 -0.1254001E-02  0.1145983E+01 -0.1743117E-04  0.7556910E-04
 -0.2819639E-05 -0.1810526E-03 -0.1368101E-05 -0.1501487E-03  0.9462632E+00 -0.6997954E+01
  0.1093964E-05  0.1166840E-03  0.6720015E-06  0.9927425E-04  0.1485430E-01  0.8886399E+00
 
  symplectic matrix after backward rotation
  0.6758093E+00  0.4632748E+03 -0.4407085E-01  0.9139218E+01  0.1837651E-03  0.3858298E-01
 -0.4350177E-03  0.1185315E+01 -0.6442228E-04  0.2485434E-01  0.9567136E-06  0.2181766E-03
  0.2509863E-01 -0.1208514E+02  0.6840409E+00  0.4637272E+03  0.1345285E-03  0.2827406E-01
 -0.1125795E-04 -0.4365284E-01 -0.4271510E-03  0.1179858E+01  0.6437939E-06  0.1516681E-03
  0.2669480E-04  0.5180911E-02  0.1295243E-04  0.4296579E-02  0.9713640E+00  0.3903648E+03
  0.1914309E-06  0.6171463E-04  0.1175924E-06  0.5250656E-04 -0.2818369E-03  0.9162227E+00
 
  det1, det2, det3=    1.0025795   1.0051530   1.0000049
 
  symplecticity conditions aT*J*a
  0.0000000E+00  0.1001348E+01 -0.6572878E-04  0.5560597E-01  0.5506972E-06  0.1180855E-03
 -0.1001348E+01  0.0000000E+00  0.5741512E-01  0.6665791E+01  0.1620865E-03  0.3539973E-01
  0.6572878E-04 -0.5741512E-01  0.0000000E+00  0.1004646E+01  0.3496452E-06  0.7465822E-04
 -0.5560597E-01 -0.6665791E+01 -0.1004646E+01  0.0000000E+00  0.9178249E-04  0.2144814E-01
 -0.5506972E-06 -0.1620865E-03 -0.3496452E-06 -0.9178249E-04  0.0000000E+00  0.1000005E+01
 -0.1180855E-03 -0.3539973E-01 -0.7465822E-04 -0.2144814E-01 -0.1000005E+01  0.0000000E+00
 
  X-plane 
     cosmu   0.93056     sinmu   0.36613
      muX      21.48   deg
     betX     0.41863E+03  cm/rad
    alphX    -0.69579E+00
 
  Y-plane 
     cosmu   0.93195     sinmu   0.36259
      muY      21.26   deg
     betY     0.42314E+03  cm/rad
    alphY    -0.68372E+00
 
  Z-plane 
     cosmu   0.94379     sinmu   0.33054
      muZ      19.30   deg
     betZ     0.12452E+02   deg/%
    alphZ     0.83412E-01
 
  beam sigma matrix (sm) before
  0.1265314E+04  0.6957904E+00  0.0000000E+00  0.0000000E+00  0.0000000E+00  0.0000000E+00
  0.6957904E+00  0.1188137E-02  0.0000000E+00  0.0000000E+00  0.0000000E+00  0.0000000E+00
  0.0000000E+00  0.0000000E+00  0.1278938E+04  0.6837211E+00  0.0000000E+00  0.0000000E+00
  0.0000000E+00  0.0000000E+00  0.6837211E+00  0.1178063E-02  0.0000000E+00  0.0000000E+00
  0.0000000E+00  0.0000000E+00  0.0000000E+00  0.0000000E+00  0.1181005E+04 -0.8341192E-01
  0.0000000E+00  0.0000000E+00  0.0000000E+00  0.0000000E+00 -0.8341192E-01  0.8526660E-03
 
  beam sigma matrix (sm) after
  0.1270609E+04  0.7003326E+00 -0.2604349E+02 -0.5925198E-01  0.2505328E+00  0.2373192E-03
  0.7003326E+00  0.1195049E-02 -0.5806032E-01 -0.4083914E-04  0.1133459E-02 -0.1037061E-06
 -0.2604349E+02 -0.5806032E-01  0.1286077E+04  0.6868460E+00  0.1775031E+00  0.1657558E-03
 -0.5925198E-01 -0.4083914E-04  0.6868460E+00  0.1187242E-02  0.7623723E-03 -0.6539358E-07
  0.2505328E+00  0.1133459E-02  0.1775031E+00  0.7623723E-03  0.1181011E+04 -0.8341232E-01
  0.2373192E-03 -0.1037061E-06  0.1657558E-03 -0.6539358E-07 -0.8341232E-01  0.8526703E-03
 
 
 Charge State:     1.00
 Length of the section    159.9800 cm
 
  nonsymplectic matrix: (cm,rad,cm,rad,rad,rel.u.)
  0.6199679E+00  0.1640064E+03  0.1258011E+00  0.5161936E+02  0.1393440E-03  0.1809903E-02
 -0.2414947E-03  0.1364978E+01 -0.2949958E-03  0.4409292E+00 -0.2769074E-05  0.6308046E-04
 -0.1322810E+00 -0.5116892E+02  0.5989806E+00  0.1615707E+03 -0.3288930E-02  0.1228142E-01
  0.3208396E-03 -0.4130350E+00 -0.6923315E-03  0.1291809E+01 -0.4623915E-04  0.2059716E-03
 -0.6911141E-04 -0.6342029E-02 -0.1944931E-04 -0.5156551E-03  0.1591572E+01 -0.1319170E+02
  0.1096208E-04  0.1419071E-02  0.1733533E-05 -0.4403256E-03  0.5158260E-01  0.6917742E+00
 
  nonsymplectic matrix after backward rotation 
  0.6324011E+00  0.1717582E+03 -0.4433856E-01  0.5038987E+01  0.1041342E-02 -0.1648752E-02
 -0.3206403E-03  0.1425955E+01 -0.9253394E-04  0.6740910E-01  0.1009565E-04  0.3805178E-05
  0.4390051E-01 -0.3934010E+01  0.6104406E+00  0.1695413E+03 -0.3122833E-02  0.1230409E-01
  0.2417592E-03 -0.2041039E-01 -0.7468487E-03  0.1363321E+01 -0.4520845E-04  0.2153809E-03
 -0.6911141E-04 -0.6342029E-02 -0.1944931E-04 -0.5156551E-03  0.1591572E+01 -0.1319170E+02
  0.1096208E-04  0.1419071E-02  0.1733533E-05 -0.4403256E-03  0.5158260E-01  0.6917742E+00
 
  symplectic matrix after backward rotation
  0.6324011E+00  0.5042363E+03 -0.4433856E-01  0.1479312E+02 -0.2199835E-03 -0.9422071E-02
 -0.1159260E-03  0.1513509E+01 -0.3345522E-04  0.7154806E-01 -0.7710700E-06  0.7861927E-05
  0.4390051E-01 -0.1154920E+02  0.6104406E+00  0.4977279E+03  0.6596986E-03  0.7031380E-01
  0.8740694E-04 -0.2166360E-01 -0.2700197E-03  0.1447030E+01  0.3452862E-05  0.4450013E-03
  0.3449796E-03  0.9293696E-01  0.9708405E-04  0.7556480E-02  0.1678289E+01  0.3763012E+03
  0.2042488E-05  0.7762239E-03  0.3229971E-06 -0.2408556E-03 -0.2030329E-02  0.7365833E+00
 
  det1, det2, det3=    1.0155992   1.0177223   2.0002145
 
  symplecticity conditions aT*J*a
  0.0000000E+00  0.1015658E+01 -0.9150795E-04  0.6698238E-01 -0.4547514E-05 -0.4972148E-03
 -0.1015658E+01  0.0000000E+00  0.6658030E-01  0.7758109E+01 -0.1572861E-02 -0.2090297E+00
  0.9150795E-04 -0.6658030E-01  0.0000000E+00  0.1015045E+01  0.1573533E-05  0.2399355E-03
 -0.6698238E-01 -0.7758109E+01 -0.1015045E+01  0.0000000E+00  0.1157198E-02  0.2167340E+00
  0.4547514E-05  0.1572861E-02 -0.1573533E-05 -0.1157198E-02  0.0000000E+00  0.2000215E+01
  0.4972148E-03  0.2090297E+00 -0.2399355E-03 -0.2167340E+00 -0.2000215E+01  0.0000000E+00
 
  X-plane 
  cosmu > 1 -> Not stable
 
  Y-plane 
  cosmu > 1 -> Not stable
 
  Z-plane 
  cosmu > 1 -> Not stable
 
  beam sigma matrix (sm) before
  0.1000000E+01  0.0000000E+00  0.0000000E+00  0.0000000E+00  0.0000000E+00  0.0000000E+00
  0.0000000E+00  0.1000000E+01  0.0000000E+00  0.0000000E+00  0.0000000E+00  0.0000000E+00
  0.0000000E+00  0.0000000E+00  0.1000000E+01  0.0000000E+00  0.0000000E+00  0.0000000E+00
  0.0000000E+00  0.0000000E+00  0.0000000E+00  0.1000000E+01  0.0000000E+00  0.0000000E+00
  0.0000000E+00  0.0000000E+00  0.0000000E+00  0.0000000E+00  0.1000000E+01  0.0000000E+00
  0.0000000E+00  0.0000000E+00  0.0000000E+00  0.0000000E+00  0.0000000E+00  0.1000000E+01
 
  beam sigma matrix (sm) after
  0.2544735E+06  0.7642247E+03  0.1539421E+04  0.1048258E+02  0.4342828E+02  0.3808989E+00
  0.7642247E+03  0.2295830E+01  0.1813161E+02  0.7074414E-01  0.1441587E+00  0.1163382E-02
  0.1539421E+04  0.1813161E+02  0.2478668E+06  0.7204773E+03  0.2914807E+02 -0.7705441E-01
  0.1048258E+02  0.7074414E-01  0.7204773E+03  0.2094366E+01  0.1763814E+00 -0.3756761E-04
  0.4342828E+02  0.1441587E+00  0.2914807E+02  0.1763814E+00  0.1416054E+06  0.2771738E+03
  0.3808989E+00  0.1163382E-02 -0.7705441E-01 -0.3756761E-04  0.2771738E+03  0.5425597E+00
 
 
 Charge State:     1.00
 Length of the section    159.9800 cm
 
  nonsymplectic matrix: (cm,rad,cm,rad,rad,rel.u.)
  0.6384902E+00  0.1609140E+03  0.1433167E+00  0.5033548E+02 -0.3015460E-02  0.1077985E-01
 -0.3454757E-03  0.1292261E+01 -0.1579381E-03  0.4178555E+00 -0.3247577E-04  0.1705022E-03
 -0.1194103E+00 -0.4850413E+02  0.6115739E+00  0.1585315E+03  0.1348601E-02 -0.7872431E-03
  0.4877894E-03 -0.3778903E+00 -0.8183140E-03  0.1228447E+01  0.9769422E-05  0.1876509E-04
 -0.1492798E-03 -0.9333021E-02  0.3869242E-04  0.3042817E-02  0.8404524E+00 -0.1245929E+02
  0.1729571E-04  0.1861180E-02 -0.4652002E-05 -0.8697064E-03  0.2682429E-01  0.6673629E+00
 
  nonsymplectic matrix after backward rotation 
  0.6469739E+00  0.1680362E+03 -0.2760772E-01  0.5536252E+01 -0.3267956E-02  0.1059041E-01
 -0.4646339E-03  0.1346308E+01  0.6950342E-04  0.6967146E-01 -0.3390785E-04  0.1590545E-03
  0.5790849E-01 -0.3128266E+01  0.6275350E+00  0.1662385E+03  0.4818570E-03  0.2160602E-02
  0.3760417E-03 -0.1392230E-01 -0.8305128E-03  0.1295697E+01  0.6123698E-06  0.6422461E-04
 -0.1492798E-03 -0.9333021E-02  0.3869242E-04  0.3042817E-02  0.8404524E+00 -0.1245929E+02
  0.1729571E-04  0.1861180E-02 -0.4652002E-05 -0.8697064E-03  0.2682429E-01  0.6673629E+00
 
  symplectic matrix after backward rotation
  0.6469739E+00  0.4647721E+03 -0.2760772E-01  0.1531274E+02  0.6546852E-03  0.5683901E-01
 -0.1778855E-03  0.1425645E+01  0.2660945E-04  0.7377712E-01  0.2600676E-05  0.3268205E-03
  0.5790849E-01 -0.8652484E+01  0.6275350E+00  0.4597997E+03 -0.9653270E-04  0.1159601E-01
  0.1439679E-03 -0.1474273E-01 -0.3179626E-03  0.1372051E+01 -0.4696775E-07  0.1319668E-03
  0.7835865E-03  0.1355019E+00 -0.2031009E-03 -0.4417727E-01  0.8838027E+00  0.3510048E+03
  0.3424009E-05  0.1019112E-02 -0.9209504E-06 -0.4762185E-03 -0.1063851E-02  0.7090749E+00
 
  det1, det2, det3=    1.0050311   1.0072091   1.0000993
 
  symplecticity conditions aT*J*a
  0.0000000E+00  0.1005423E+01 -0.9645304E-04  0.6371256E-01 -0.2049562E-05 -0.4186945E-03
 -0.1005423E+01  0.0000000E+00  0.6372896E-01  0.7366046E+01 -0.7704918E-03 -0.1917384E+00
  0.9645304E-04 -0.6372896E-01  0.0000000E+00  0.1004765E+01  0.8806204E-06  0.2552100E-03
 -0.6371256E-01 -0.7366046E+01 -0.1004765E+01  0.0000000E+00  0.5702560E-03  0.1814091E+00
  0.2049562E-05  0.7704918E-03 -0.8806204E-06 -0.5702560E-03  0.0000000E+00  0.1000099E+01
  0.4186945E-03  0.1917384E+00 -0.2552100E-03 -0.1814091E+00 -0.1000099E+01  0.0000000E+00
 
  X-plane 
  cosmu > 1 -> Not stable
 
  Y-plane 
     cosmu   0.99979     sinmu   0.02034
      muY       1.17   deg
     betY     0.81710E+04  cm/rad
    alphY    -0.18297E+02
 
  Z-plane 
     cosmu   0.79644     sinmu   0.60472
      muZ      37.21   deg
     betZ     0.12414E+02   deg/%
    alphZ     0.14447E+00
 
  beam sigma matrix (sm) before
  0.1000000E+01  0.0000000E+00  0.0000000E+00  0.0000000E+00  0.0000000E+00  0.0000000E+00
  0.0000000E+00  0.1000000E+01  0.0000000E+00  0.0000000E+00  0.0000000E+00  0.0000000E+00
  0.0000000E+00  0.0000000E+00  0.2260029E+05  0.1829740E+02  0.0000000E+00  0.0000000E+00
  0.0000000E+00  0.0000000E+00  0.1829740E+02  0.1562865E-01  0.0000000E+00  0.0000000E+00
  0.0000000E+00  0.0000000E+00  0.0000000E+00  0.0000000E+00  0.5804427E+03 -0.1444702E+00
  0.0000000E+00  0.0000000E+00  0.0000000E+00  0.0000000E+00 -0.1444702E+00  0.1759249E-02
 
  beam sigma matrix (sm) after
  0.2160189E+06  0.6625710E+03 -0.4359346E+04 -0.7107347E+01  0.6339006E+02  0.4737086E+00
  0.6625710E+03  0.2032636E+01 -0.1035683E+02 -0.1938830E-01  0.1940710E+00  0.1448899E-02
 -0.4359346E+04 -0.1035683E+02  0.2283809E+05  0.1855688E+02 -0.6625233E+01 -0.3843155E-01
 -0.7107347E+01 -0.1938830E-01  0.1855688E+02  0.1595868E-01 -0.6284264E-02 -0.3874883E-04
  0.6339006E+02  0.1940710E+00 -0.6625233E+01 -0.6284264E-02  0.5805200E+03 -0.1443394E+00
  0.4737086E+00  0.1448899E-02 -0.3843155E-01 -0.3874883E-04 -0.1443394E+00  0.1760501E-02
 
 
 Charge State:     1.00
 Length of the section    159.9800 cm
 
  nonsymplectic matrix: (cm,rad,cm,rad,rad,rel.u.)
  0.5990188E+00  0.1575365E+03  0.1299706E+00  0.4886464E+02  0.8124167E-03 -0.1052965E-01
 -0.8076798E-03  0.1246892E+01 -0.2858304E-03  0.4028216E+00  0.2597217E-04 -0.2716522E-03
 -0.1135651E+00 -0.4755566E+02  0.5905497E+00  0.1573922E+03  0.4600623E-03  0.2430572E-02
  0.5394405E-03 -0.3691629E+00 -0.1033383E-02  0.1224012E+01 -0.4589644E-05  0.1104589E-03
  0.3008280E-04  0.4714923E-03  0.3731845E-04  0.2067569E-02  0.8554391E+00 -0.1189427E+02
 -0.2447144E-04 -0.7674569E-03 -0.4289020E-05 -0.3531213E-03  0.2618533E-01  0.6886139E+00
 
  nonsymplectic matrix after backward rotation 
  0.6075454E+00  0.1645183E+03 -0.3300489E-01  0.4908641E+01  0.6594517E-03 -0.1079589E-01
 -0.9226807E-03  0.1300213E+01  0.1489988E-05  0.6014961E-01  0.2625230E-04 -0.2913152E-03
  0.5107961E-01 -0.3608872E+01  0.6037814E+00  0.1647300E+03  0.6609098E-03 -0.4794575E-03
  0.3033198E-03 -0.2159136E-01 -0.1072184E-02  0.1287188E+01  0.2536778E-05  0.3363783E-04
  0.3008280E-04  0.4714923E-03  0.3731845E-04  0.2067569E-02  0.8554391E+00 -0.1189427E+02
 -0.2447144E-04 -0.7674569E-03 -0.4289020E-05 -0.3531213E-03  0.2618533E-01  0.6886139E+00
 
  symplectic matrix after backward rotation
  0.6075454E+00  0.4297190E+03 -0.3300489E-01  0.1282129E+02 -0.1256311E-03 -0.5453334E-01
 -0.3729670E-03  0.1372789E+01  0.6022846E-06  0.6350708E-01 -0.2021624E-05 -0.5948203E-03
  0.5107961E-01 -0.9426312E+01  0.6037814E+00  0.4302720E+03 -0.1259088E-03 -0.2421886E-02
  0.1226083E-03 -0.2279656E-01 -0.4333992E-03  0.1359037E+01 -0.1953509E-06  0.6868320E-04
 -0.1655126E-03 -0.6775758E-02 -0.2053225E-03 -0.2971278E-01  0.8966358E+00  0.3305631E+03
 -0.5132979E-05 -0.4204693E-03 -0.8996387E-06 -0.1934658E-03 -0.1046362E-02  0.7296076E+00
 
  det1, det2, det3=    0.9943028   1.0070408   1.0000810
 
  symplecticity conditions aT*J*a
  0.0000000E+00  0.9942942E+00 -0.1081112E-03  0.6002940E-01  0.3505973E-05  0.1198100E-02
 -0.9942942E+00  0.0000000E+00  0.6341699E-01  0.6687278E+01 -0.3131964E-03 -0.4739743E-01
  0.1081112E-03 -0.6341699E-01  0.0000000E+00  0.1004937E+01  0.9157710E-06  0.2076673E-03
 -0.6002940E-01 -0.6687278E+01 -0.1004937E+01  0.0000000E+00  0.2736781E-03  0.7095478E-01
 -0.3505973E-05  0.3131964E-03 -0.9157710E-06 -0.2736781E-03  0.0000000E+00  0.1000081E+01
 -0.1198100E-02  0.4739743E-01 -0.2076673E-03 -0.7095478E-01 -0.1000081E+01  0.0000000E+00
 
  X-plane 
     cosmu   0.99017     sinmu   0.13989
      muX       8.04   deg
     betX     0.11761E+04  cm/rad
    alphX    -0.27352E+01
 
  Y-plane 
     cosmu   0.98141     sinmu   0.19193
      muY      11.07   deg
     betY     0.85829E+03  cm/rad
    alphY    -0.19676E+01
 
  Z-plane 
     cosmu   0.81312     sinmu   0.58209
      muZ      35.60   deg
     betZ     0.12271E+02   deg/%
    alphZ     0.14347E+00
 
  beam sigma matrix (sm) before
  0.3071875E+04  0.2735198E+01  0.0000000E+00  0.0000000E+00  0.0000000E+00  0.0000000E+00
  0.2735198E+01  0.2666180E-02  0.0000000E+00  0.0000000E+00  0.0000000E+00  0.0000000E+00
  0.0000000E+00  0.0000000E+00  0.2241850E+04  0.1967557E+01  0.0000000E+00  0.0000000E+00
  0.0000000E+00  0.0000000E+00  0.1967557E+01  0.2258144E-02  0.0000000E+00  0.0000000E+00
  0.0000000E+00  0.0000000E+00  0.0000000E+00  0.0000000E+00  0.5678864E+03 -0.1434719E+00
  0.0000000E+00  0.0000000E+00  0.0000000E+00  0.0000000E+00 -0.1434719E+00  0.1797584E-02
 
  beam sigma matrix (sm) after
  0.3055522E+04  0.2717301E+01  0.8397558E+02  0.2811610E+00 -0.5947764E+00 -0.1673436E-01
  0.2717301E+01  0.2660252E-02  0.2468634E+00  0.4014878E-03 -0.1690402E-02 -0.1410082E-04
  0.8397558E+02  0.2468634E+00  0.2263252E+04  0.1994875E+01 -0.5976592E+00 -0.3033961E-02
  0.2811610E+00  0.4014878E-03  0.1994875E+01  0.2306317E-02 -0.5274893E-03 -0.3452012E-05
 -0.5947764E+00 -0.1690402E-02 -0.5976592E+00 -0.5274893E-03  0.5679326E+03 -0.1434800E+00
 -0.1673436E-01 -0.1410082E-04 -0.3033961E-02 -0.3452012E-05 -0.1434800E+00  0.1797825E-02
 
 
 Charge State:     1.00
 Length of the section    152.3218 cm
 
  nonsymplectic matrix: (cm,rad,cm,rad,rad,rel.u.)
  0.6261197E+00  0.1483276E+03  0.1411462E+00  0.4470596E+02  0.3240872E-02 -0.1177620E-01
 -0.1423248E-02  0.1126155E+01 -0.3241413E-03  0.3575755E+00  0.3686071E-04 -0.1667194E-03
 -0.1148075E+00 -0.4314089E+02  0.6281394E+00  0.1486802E+03 -0.1747027E-02  0.8319024E-02
  0.6731383E-03 -0.3283018E+00 -0.1419763E-02  0.1138700E+01 -0.2221107E-04  0.1262548E-03
  0.6048361E-04  0.2707442E-02 -0.7967237E-05 -0.3573846E-03  0.9479705E+00 -0.1154018E+02
 -0.8347376E-05 -0.5656529E-03  0.1667375E-05  0.1308657E-03  0.3338373E-02  0.9628149E+00
 
  nonsymplectic matrix after backward rotation 
  0.6344400E+00  0.1544428E+03 -0.2698080E-01  0.4522072E+01  0.3583584E-02 -0.1353381E-01
 -0.1549298E-02  0.1172782E+01  0.5604660E-04  0.4929649E-01  0.4136710E-04 -0.1938067E-03
  0.5188921E-01 -0.3102472E+01  0.6432366E+00  0.1551902E+03 -0.8445596E-03  0.4972022E-02
  0.2800482E-03 -0.2428979E-01 -0.1455216E-02  0.1192505E+01 -0.1186620E-04  0.7857878E-04
  0.6048361E-04  0.2707442E-02 -0.7967237E-05 -0.3573846E-03  0.9479705E+00 -0.1154018E+02
 -0.8347376E-05 -0.5656529E-03  0.1667375E-05  0.1308657E-03  0.3338373E-02  0.9628149E+00
 
  symplectic matrix after backward rotation
  0.6344400E+00  0.3820750E+03 -0.2698080E-01  0.1118712E+02 -0.6513355E-03 -0.6452235E-01
 -0.6427330E-03  0.1203633E+01  0.2325118E-04  0.5059327E-01 -0.3119161E-05 -0.3833138E-03
  0.5188921E-01 -0.7675186E+01  0.6432366E+00  0.3839239E+03  0.1535032E-03  0.2370408E-01
  0.1161792E-03 -0.2492874E-01 -0.6037027E-03  0.1223874E+01  0.8947352E-06  0.1554143E-03
 -0.3402576E-03 -0.3767995E-01  0.4482061E-04  0.4973784E-02  0.9692860E+00  0.3095085E+03
 -0.1800176E-05 -0.3017840E-03  0.3595823E-06  0.6981873E-04 -0.1308540E-03  0.9899150E+00
 
  det1, det2, det3=    1.0092052   1.0190166   1.0000111
 
  symplecticity conditions aT*J*a
  0.0000000E+00  0.1008803E+01 -0.1086464E-03  0.5819061E-01 -0.5795524E-06 -0.5900593E-04
 -0.1008803E+01  0.0000000E+00  0.6202728E-01  0.6042509E+01 -0.1133798E-03 -0.1329054E-01
  0.1086464E-03 -0.6202728E-01  0.0000000E+00  0.1017391E+01  0.4130955E-06  0.5919552E-04
 -0.5819061E-01 -0.6042509E+01 -0.1017391E+01  0.0000000E+00  0.8537525E-04  0.1294680E-01
  0.5795524E-06  0.1133798E-03 -0.4130955E-06 -0.8537525E-04  0.0000000E+00  0.1000011E+01
  0.5900593E-04  0.1329054E-01 -0.5919552E-04 -0.1294680E-01 -0.1000011E+01  0.0000000E+00
 
  X-plane 
     cosmu   0.91904     sinmu   0.39417
      muX      23.21   deg
     betX     0.39182E+03  cm/rad
    alphX    -0.72201E+00
 
  Y-plane 
     cosmu   0.93356     sinmu   0.35843
      muY      21.00   deg
     betY     0.43297E+03  cm/rad
    alphY    -0.80997E+00
 
  Z-plane 
     cosmu   0.97960     sinmu   0.20096
      muZ      11.59   deg
     betZ     0.33643E+02   deg/%
    alphZ    -0.51327E-01
 
  beam sigma matrix (sm) before
  0.9693095E+03  0.7220102E+00  0.0000000E+00  0.0000000E+00  0.0000000E+00  0.0000000E+00
  0.7220102E+00  0.1630589E-02  0.0000000E+00  0.0000000E+00  0.0000000E+00  0.0000000E+00
  0.0000000E+00  0.0000000E+00  0.1071117E+04  0.8099664E+00  0.0000000E+00  0.0000000E+00
  0.0000000E+00  0.0000000E+00  0.8099664E+00  0.1684283E-02  0.0000000E+00  0.0000000E+00
  0.0000000E+00  0.0000000E+00  0.0000000E+00  0.0000000E+00  0.1540188E+04  0.5132734E-01
  0.0000000E+00  0.0000000E+00  0.0000000E+00  0.0000000E+00  0.5132734E-01  0.6511606E-03
 
  beam sigma matrix (sm) after
  0.9787344E+03  0.7280460E+00  0.2400999E+02  0.8483626E-01 -0.1343680E+01 -0.1880230E-02
  0.7280460E+00  0.1652410E-02  0.8358815E-01  0.7878666E-04 -0.4939125E-02 -0.6385393E-06
  0.2400999E+02  0.8358815E-01  0.1093617E+04  0.8299472E+00  0.2720149E+00  0.3449725E-03
  0.8483626E-01  0.7878666E-04  0.8299472E+00  0.1726228E-02  0.1378449E-02  0.1461587E-07
 -0.1343680E+01 -0.4939125E-02  0.2720149E+00  0.1378449E-02  0.1540205E+04  0.5132867E-01
 -0.1880230E-02 -0.6385393E-06  0.3449725E-03  0.1461587E-07  0.5132867E-01  0.6511721E-03
 
 
 Charge State:     1.00
 Length of the section    159.9800 cm
 
  nonsymplectic matrix: (cm,rad,cm,rad,rad,rel.u.)
  0.7359264E+00  0.1612866E+03  0.1585195E+00  0.4396416E+02  0.1544373E-02 -0.7248123E-02
  0.9457220E-04  0.1257085E+01  0.1029724E-03  0.3580107E+00  0.1957908E-04 -0.1042747E-03
 -0.1278737E+00 -0.4209352E+02  0.7386779E+00  0.1609712E+03 -0.6755717E-03  0.3118537E-02
  0.2899107E-03 -0.3199479E+00 -0.1316155E-04  0.1229887E+01 -0.6286811E-05  0.2837069E-04
  0.8547222E-05 -0.1989287E-03  0.1374558E-04  0.1969296E-02  0.9058012E+00 -0.1120918E+02
 -0.1067744E-05  0.8123259E-04 -0.4032532E-05 -0.7614611E-03  0.2235534E-01  0.7272826E+00
 
  nonsymplectic matrix after backward rotation 
  0.7453029E+00  0.1666656E+03 -0.2049908E-01  0.4686076E+01  0.1660267E-02 -0.7779732E-02
  0.2339619E-04  0.1297087E+01  0.1031666E-03  0.5728395E-01  0.2051014E-04 -0.1080255E-03
  0.4962706E-01 -0.2793886E+01  0.7552174E+00  0.1668011E+03 -0.2915487E-03  0.1317698E-02
  0.3040472E-03 -0.1387267E-01  0.1154079E-04  0.1279653E+01 -0.1482782E-05  0.2930023E-05
  0.8547222E-05 -0.1989287E-03  0.1374558E-04  0.1969296E-02  0.9058012E+00 -0.1120918E+02
 -0.1067744E-05  0.8123259E-04 -0.4032532E-05 -0.7614611E-03  0.2235534E-01  0.7272826E+00
 
  symplectic matrix after backward rotation
  0.7453029E+00  0.4017448E+03 -0.2049908E-01  0.1129571E+02 -0.2951262E-03 -0.3607444E-01
  0.1019869E-04  0.1362928E+01  0.4497160E-04  0.6019170E-01 -0.1589271E-05 -0.2183538E-03
  0.4962706E-01 -0.6734618E+01  0.7552174E+00  0.4020715E+03  0.5182522E-04  0.6110134E-02
  0.1325380E-03 -0.1457685E-01  0.5030776E-05  0.1344608E+01  0.1148964E-06  0.5922502E-05
 -0.5014235E-04  0.2813076E-02 -0.8063855E-04 -0.2784806E-01  0.9445882E+00  0.3049217E+03
 -0.2428366E-06  0.4453299E-04 -0.9171176E-06 -0.4174450E-03 -0.9037710E-03  0.7669823E+00
 
  det1, det2, det3=    1.0116968   1.0134489   1.0000619
 
  symplecticity conditions aT*J*a
  0.0000000E+00  0.1011866E+01 -0.6611877E-04  0.5818507E-01 -0.9079472E-06 -0.1272998E-03
 -0.1011866E+01  0.0000000E+00  0.5698068E-01  0.5591974E+01 -0.2808716E-03 -0.4992796E-01
  0.6611877E-04 -0.5698068E-01  0.0000000E+00  0.1011707E+01  0.1071539E-05  0.2283411E-03
 -0.5818507E-01 -0.5591974E+01 -0.1011707E+01  0.0000000E+00  0.3958061E-03  0.9979952E-01
  0.9079472E-06  0.2808716E-03 -0.1071539E-05 -0.3958061E-03  0.0000000E+00  0.1000062E+01
  0.1272998E-03  0.4992796E-01 -0.2283411E-03 -0.9979952E-01 -0.1000062E+01  0.0000000E+00
 
  X-plane 
  cosmu > 1 -> Not stable
 
  Y-plane 
  cosmu > 1 -> Not stable
 
  Z-plane 
     cosmu   0.85579     sinmu   0.51733
      muZ      31.15   deg
     betZ     0.12946E+02   deg/%
    alphZ     0.17166E+00
 
  beam sigma matrix (sm) before
  0.1000000E+01  0.0000000E+00  0.0000000E+00  0.0000000E+00  0.0000000E+00  0.0000000E+00
  0.0000000E+00  0.1000000E+01  0.0000000E+00  0.0000000E+00  0.0000000E+00  0.0000000E+00
  0.0000000E+00  0.0000000E+00  0.1000000E+01  0.0000000E+00  0.0000000E+00  0.0000000E+00
  0.0000000E+00  0.0000000E+00  0.0000000E+00  0.1000000E+01  0.0000000E+00  0.0000000E+00
  0.0000000E+00  0.0000000E+00  0.0000000E+00  0.0000000E+00  0.5894130E+03 -0.1716559E+00
  0.0000000E+00  0.0000000E+00  0.0000000E+00  0.0000000E+00 -0.1716559E+00  0.1746987E-02
 
  beam sigma matrix (sm) after
  0.1615270E+06  0.5482291E+03  0.1836108E+04  0.9332233E+01  0.6533071E+00  0.1331753E-01
  0.5482291E+03  0.1861195E+01  0.1502260E+02  0.6106706E-01  0.1275237E-02  0.3629787E-04
  0.1836108E+04  0.1502260E+02  0.1617074E+06  0.5407269E+03 -0.1118752E+02 -0.1681687E+00
  0.9332233E+01  0.6106706E-01  0.5407269E+03  0.1808184E+01 -0.3742560E-01 -0.5620167E-03
  0.6533071E+00  0.1275237E-02 -0.1118752E+02 -0.3742560E-01  0.5894503E+03 -0.1716548E+00
  0.1331753E-01  0.3629787E-04 -0.1681687E+00 -0.5620167E-03 -0.1716548E+00  0.1747272E-02
 
 
 Charge State:     1.00
 Length of the section    159.9800 cm
 
  nonsymplectic matrix: (cm,rad,cm,rad,rad,rel.u.)
  0.6506869E+00  0.1564374E+03  0.1343942E+00  0.4343278E+02  0.1600572E-02 -0.6292525E-02
 -0.8445031E-03  0.1183646E+01 -0.2166945E-03  0.3394975E+00  0.1935713E-04 -0.8997914E-04
 -0.1190121E+00 -0.4261866E+02  0.6590925E+00  0.1568709E+03  0.8958474E-03 -0.3598408E-03
  0.4075639E-03 -0.3225633E+00 -0.8482144E-03  0.1173952E+01  0.5028699E-05  0.2054593E-04
  0.1095504E-04  0.3017969E-03  0.4009555E-04  0.2334216E-02  0.9016138E+00 -0.1067549E+02
 -0.1971844E-05 -0.1363926E-03 -0.5505090E-05 -0.5066882E-03  0.2404117E-01  0.7303636E+00
 
  nonsymplectic matrix after backward rotation 
  0.6601351E+00  0.1621022E+03 -0.2929063E-01  0.4133103E+01  0.1335848E-02 -0.6017877E-02
 -0.9180857E-03  0.1226532E+01 -0.4738518E-05  0.4496536E-01  0.1756212E-04 -0.9227622E-04
  0.4217794E-01 -0.3448261E+01  0.6720170E+00  0.1627200E+03  0.1256935E-02 -0.1873635E-02
  0.1908206E-03 -0.2618684E-01 -0.8754437E-03  0.1221229E+01  0.9568609E-05 -0.1865774E-05
  0.1095504E-04  0.3017969E-03  0.4009555E-04  0.2334216E-02  0.9016138E+00 -0.1067549E+02
 -0.1971844E-05 -0.1363926E-03 -0.5505090E-05 -0.5066882E-03  0.2404117E-01  0.7303636E+00
 
  symplectic matrix after backward rotation
  0.6601351E+00  0.3718687E+03 -0.2929063E-01  0.9481496E+01 -0.2277074E-03 -0.2646038E-01
 -0.4191981E-03  0.1284741E+01 -0.2163608E-05  0.4709934E-01 -0.1366889E-05 -0.1852587E-03
  0.4217794E-01 -0.7910442E+01  0.6720170E+00  0.3732859E+03 -0.2142561E-03 -0.8238302E-02
  0.8712873E-04 -0.2742962E-01 -0.3997277E-03  0.1279186E+01 -0.7447408E-06 -0.3745828E-05
 -0.6680165E-04 -0.4221712E-02 -0.2444946E-03 -0.3265238E-01  0.9371605E+00  0.2862289E+03
 -0.4714680E-06 -0.7481199E-04 -0.1316268E-05 -0.2779209E-03 -0.9798412E-03  0.7678416E+00
 
  det1, det2, det3=    1.0039891   1.0088475   1.0000497
 
  symplecticity conditions aT*J*a
  0.0000000E+00  0.1003521E+01 -0.8911855E-04  0.5649605E-01 -0.5032333E-06 -0.4917340E-04
 -0.1003521E+01  0.0000000E+00  0.5842147E-01  0.5453669E+01 -0.1414964E-03 -0.1692178E-01
  0.8911855E-04 -0.5842147E-01  0.0000000E+00  0.1007488E+01  0.9265416E-06  0.1885795E-03
 -0.5649605E-01 -0.5453669E+01 -0.1007488E+01  0.0000000E+00  0.2862874E-03  0.6310694E-01
  0.5032333E-06  0.1414964E-03 -0.9265416E-06 -0.2862874E-03  0.0000000E+00  0.1000050E+01
  0.4917340E-04  0.1692178E-01 -0.1885795E-03 -0.6310694E-01 -0.1000050E+01  0.0000000E+00
 
  X-plane 
     cosmu   0.97244     sinmu   0.23316
      muX      13.48   deg
     betX     0.69523E+03  cm/rad
    alphX    -0.13394E+01
 
  Y-plane 
     cosmu   0.97560     sinmu   0.21955
      muY      12.68   deg
     betY     0.74116E+03  cm/rad
    alphY    -0.13828E+01
 
  Z-plane 
     cosmu   0.85250     sinmu   0.52273
      muZ      31.52   deg
     betZ     0.12163E+02   deg/%
    alphZ     0.16196E+00
 
  beam sigma matrix (sm) before
  0.1594895E+04  0.1339425E+01  0.0000000E+00  0.0000000E+00  0.0000000E+00  0.0000000E+00
  0.1339425E+01  0.1797884E-02  0.0000000E+00  0.0000000E+00  0.0000000E+00  0.0000000E+00
  0.0000000E+00  0.0000000E+00  0.1700240E+04  0.1382764E+01  0.0000000E+00  0.0000000E+00
  0.0000000E+00  0.0000000E+00  0.1382764E+01  0.1820677E-02  0.0000000E+00  0.0000000E+00
  0.0000000E+00  0.0000000E+00  0.0000000E+00  0.0000000E+00  0.5475703E+03 -0.1619577E+00
  0.0000000E+00  0.0000000E+00  0.0000000E+00  0.0000000E+00 -0.1619577E+00  0.1874485E-02
 
  beam sigma matrix (sm) after
  0.1602112E+04  0.1343753E+01  0.1980067E+02  0.7747788E-01 -0.2169065E+00 -0.6844244E-03
  0.1343753E+01  0.1808822E-02  0.1027393E+00  0.1250284E-03 -0.8047463E-03 -0.1234567E-06
  0.1980067E+02  0.1027393E+00  0.1717339E+04  0.1398777E+01 -0.5652404E+00 -0.2531955E-02
  0.7747788E-01  0.1250284E-03  0.1398777E+01  0.1843844E-02 -0.6805000E-03 -0.1494340E-05
 -0.2169065E+00 -0.8047463E-03 -0.5652404E+00 -0.6805000E-03  0.5475976E+03 -0.1619650E+00
 -0.6844244E-03 -0.1234567E-06 -0.2531955E-02 -0.1494340E-05 -0.1619650E+00  0.1874583E-02
 
 
 Charge State:     1.00
 Length of the section    159.9800 cm
 
  nonsymplectic matrix: (cm,rad,cm,rad,rad,rel.u.)
  0.7029033E+00  0.1571976E+03  0.1326106E+00  0.3986993E+02  0.1140678E-02 -0.4303644E-02
 -0.6020543E-03  0.1168999E+01 -0.1841876E-03  0.3031976E+00  0.1064670E-04 -0.3506518E-04
 -0.1289265E+00 -0.3976470E+02  0.7183562E+00  0.1578256E+03 -0.7388404E-03  0.4519876E-02
  0.2275979E-03 -0.2991754E+00 -0.5387483E-03  0.1159878E+01 -0.1386278E-04  0.9557028E-04
  0.9398944E-05  0.2393498E-03  0.7616920E-05  0.2361256E-03  0.9061850E+00 -0.1023174E+02
 -0.1162668E-05  0.5831557E-05 -0.8753534E-06  0.1424970E-06  0.2405508E-01  0.7443646E+00
 
  nonsymplectic matrix after backward rotation 
  0.7139144E+00  0.1621112E+03 -0.3183218E-01  0.3467912E+01  0.1277295E-02 -0.5207497E-02
 -0.6377567E-03  0.1206316E+01 -0.5870246E-04  0.3541575E-01  0.1348388E-04 -0.5560073E-04
  0.3195765E-01 -0.3506168E+01  0.7297999E+00  0.1627467E+03 -0.4642718E-03  0.3439856E-02
  0.8681340E-04 -0.2945074E-01 -0.5663293E-03  0.1198328E+01 -0.1112268E-04  0.8527487E-04
  0.9398944E-05  0.2393498E-03  0.7616920E-05  0.2361256E-03  0.9061850E+00 -0.1023174E+02
 -0.1162668E-05  0.5831557E-05 -0.8753534E-06  0.1424970E-06  0.2405508E-01  0.7443646E+00
 
  symplectic matrix after backward rotation
  0.7139144E+00  0.3550396E+03 -0.3183218E-01  0.7595073E+01 -0.2094682E-03 -0.2177957E-01
 -0.3041129E-03  0.1259809E+01 -0.2799214E-04  0.3698625E-01 -0.1054439E-05 -0.1108870E-03
  0.3195765E-01 -0.7678858E+01  0.7297999E+00  0.3564316E+03  0.7613760E-04  0.1438668E-01
  0.4139679E-04 -0.3075671E-01 -0.2700529E-03  0.1251468E+01  0.8697934E-06  0.1700674E-03
 -0.5939176E-04 -0.3312410E-02 -0.4813118E-04 -0.3267790E-02  0.9390546E+00  0.2704064E+03
 -0.2913945E-06  0.3200914E-05 -0.2193860E-06  0.7821593E-07 -0.9886878E-03  0.7802458E+00
 
  det1, det2, det3=    1.0073682   1.0095764   1.0000409
 
  symplecticity conditions aT*J*a
  0.0000000E+00  0.1006703E+01 -0.6850620E-04  0.5395363E-01 -0.4594815E-06 -0.4849313E-04
 -0.1006703E+01  0.0000000E+00  0.5468410E-01  0.4916063E+01 -0.1145459E-03 -0.1624465E-01
  0.6850620E-04 -0.5468410E-01  0.0000000E+00  0.1008612E+01  0.9366401E-06  0.1526897E-03
 -0.5395363E-01 -0.4916063E+01 -0.1008612E+01  0.0000000E+00  0.2176344E-03  0.4000547E-01
  0.4594815E-06  0.1145459E-03 -0.9366401E-06 -0.2176344E-03  0.0000000E+00  0.1000041E+01
  0.4849313E-04  0.1624465E-01 -0.1526897E-03 -0.4000547E-01 -0.1000041E+01  0.0000000E+00
 
  X-plane 
     cosmu   0.98686     sinmu   0.16157
      muX       9.30   deg
     betX     0.10034E+04  cm/rad
    alphX    -0.16894E+01
 
  Y-plane 
     cosmu   0.99063     sinmu   0.13655
      muY       7.85   deg
     betY     0.11919E+04  cm/rad
    alphY    -0.19102E+01
 
  Z-plane 
     cosmu   0.85965     sinmu   0.51088
      muZ      30.72   deg
     betZ     0.11891E+02   deg/%
    alphZ     0.15543E+00
 
  beam sigma matrix (sm) before
  0.2197488E+04  0.1689385E+01  0.0000000E+00  0.0000000E+00  0.0000000E+00  0.0000000E+00
  0.1689385E+01  0.1882281E-02  0.0000000E+00  0.0000000E+00  0.0000000E+00  0.0000000E+00
  0.0000000E+00  0.0000000E+00  0.2610352E+04  0.1910236E+01  0.0000000E+00  0.0000000E+00
  0.0000000E+00  0.0000000E+00  0.1910236E+01  0.1977752E-02  0.0000000E+00  0.0000000E+00
  0.0000000E+00  0.0000000E+00  0.0000000E+00  0.0000000E+00  0.5292921E+03 -0.1554258E+00
  0.0000000E+00  0.0000000E+00  0.0000000E+00  0.0000000E+00 -0.1554258E+00  0.1935253E-02
 
  beam sigma matrix (sm) after
  0.2215515E+04  0.1702059E+01 -0.1146175E+02 -0.6653428E-02 -0.2350838E+00 -0.5120957E-03
  0.1702059E+01  0.1896946E-02  0.3764488E-01  0.2858652E-04 -0.6144336E-03  0.7622528E-07
 -0.1146175E+02  0.3764488E-01  0.2636876E+04  0.1929683E+01 -0.9478120E-01 -0.6088458E-03
 -0.6653428E-02  0.2858652E-04  0.1929683E+01  0.1997936E-02  0.3700443E-03 -0.6587025E-06
 -0.2350838E+00 -0.6144336E-03 -0.9478120E-01  0.3700443E-03  0.5293137E+03 -0.1554321E+00
 -0.5120957E-03  0.7622528E-07 -0.6088458E-03 -0.6587025E-06 -0.1554321E+00  0.1935332E-02
 
 
 Charge State:     1.00
 Length of the section    152.3218 cm
 
  nonsymplectic matrix: (cm,rad,cm,rad,rad,rel.u.)
  0.6955729E+00  0.1471042E+03  0.1274393E+00  0.3640550E+02  0.1994338E-03 -0.7271216E-03
 -0.1411770E-02  0.1048560E+01 -0.3501508E-03  0.2663793E+00  0.6456272E-06 -0.9877109E-06
 -0.1276986E+00 -0.3645115E+02  0.7124460E+00  0.1475825E+03 -0.4598538E-03  0.1578552E-02
  0.3350613E-03 -0.2700429E+00 -0.1232677E-02  0.1062024E+01 -0.4300433E-05  0.7752121E-05
 -0.1090063E-05 -0.1331575E-03  0.3986999E-05  0.2510004E-03  0.9502976E+00 -0.9725749E+01
  0.2526109E-06  0.5601001E-04 -0.9484771E-06 -0.8856851E-04  0.7131242E-02  0.9388286E+00
 
  nonsymplectic matrix after backward rotation 
  0.7066319E+00  0.1515186E+03 -0.3224293E-01  0.3082869E+01  0.2956157E-03 -0.1056248E-02
 -0.1450890E-02  0.1082271E+01 -0.7069845E-04  0.2647759E-01  0.1574905E-05 -0.2667168E-05
  0.2828192E-01 -0.3232510E+01  0.7230356E+00  0.1519752E+03 -0.4047847E-03  0.1380171E-02
  0.1662065E-04 -0.3301042E-01 -0.1279492E-02  0.1094601E+01 -0.4053422E-05  0.7345555E-05
 -0.1090063E-05 -0.1331575E-03  0.3986999E-05  0.2510004E-03  0.9502976E+00 -0.9725749E+01
  0.2526109E-06  0.5601001E-04 -0.9484771E-06 -0.8856851E-04  0.7131242E-02  0.9388286E+00
 
  symplectic matrix after backward rotation
  0.7066319E+00  0.3177504E+03 -0.3224293E-01  0.6465100E+01 -0.4678217E-04 -0.4214446E-02
 -0.7062854E-03  0.1104846E+01 -0.3441561E-04  0.2702989E-01 -0.1213257E-06 -0.5180486E-05
  0.2828192E-01 -0.6778912E+01  0.7230356E+00  0.3187079E+03  0.6405854E-04  0.5506902E-02
  0.8090839E-05 -0.3369899E-01 -0.6228498E-03  0.1117433E+01  0.3122629E-06  0.1426740E-04
  0.7004474E-05  0.1794360E-02 -0.2561945E-04 -0.3382348E-02  0.9663540E+00  0.2493569E+03
  0.6475063E-07  0.3010770E-04 -0.2431189E-06 -0.4760925E-04 -0.2892743E-03  0.9601799E+00
 
  det1, det2, det3=    1.0051422   1.0064512   1.0000062
 
  symplecticity conditions aT*J*a
  0.0000000E+00  0.1004244E+01 -0.7055724E-04  0.5269094E-01 -0.1750593E-06 -0.1569880E-04
 -0.1004244E+01  0.0000000E+00  0.5327571E-01  0.4610970E+01 -0.1643606E-04 -0.2685580E-02
  0.7055724E-04 -0.5327571E-01  0.0000000E+00  0.1005802E+01  0.5103278E-06  0.4979187E-04
 -0.5269094E-01 -0.4610970E+01 -0.1005802E+01  0.0000000E+00  0.7540545E-04  0.7097990E-02
  0.1750593E-06  0.1643606E-04 -0.5103278E-06 -0.7540545E-04  0.0000000E+00  0.1000006E+01
  0.1569880E-04  0.2685580E-02 -0.4979187E-04 -0.7097990E-02 -0.1000006E+01  0.0000000E+00
 
  X-plane 
     cosmu   0.90574     sinmu   0.42384
      muX      25.08   deg
     betX     0.35749E+03  cm/rad
    alphX    -0.46977E+00
 
  Y-plane 
     cosmu   0.92023     sinmu   0.39137
      muY      23.04   deg
     betY     0.38832E+03  cm/rad
    alphY    -0.50387E+00
 
  Z-plane 
     cosmu   0.96327     sinmu   0.26855
      muZ      15.58   deg
     betZ     0.21101E+02   deg/%
    alphZ     0.11495E-01
 
  beam sigma matrix (sm) before
  0.7497020E+03  0.4697745E+00  0.0000000E+00  0.0000000E+00  0.0000000E+00  0.0000000E+00
  0.4697745E+00  0.1666413E-02  0.0000000E+00  0.0000000E+00  0.0000000E+00  0.0000000E+00
  0.0000000E+00  0.0000000E+00  0.8143442E+03  0.5038712E+00  0.0000000E+00  0.0000000E+00
  0.0000000E+00  0.0000000E+00  0.5038712E+00  0.1591470E-02  0.0000000E+00  0.0000000E+00
  0.0000000E+00  0.0000000E+00  0.0000000E+00  0.0000000E+00  0.9285453E+03 -0.1149529E-01
  0.0000000E+00  0.0000000E+00  0.0000000E+00  0.0000000E+00 -0.1149529E-01  0.1077188E-02
 
  beam sigma matrix (sm) after
  0.7542601E+03  0.4728206E+00 -0.5163287E+01 -0.1586819E-01 -0.3601748E-01  0.8448896E-04
  0.4728206E+00  0.1676172E-02 -0.1276116E-01 -0.1328327E-04 -0.1069350E-03  0.7559683E-07
 -0.5163287E+01 -0.1276116E-01  0.8200938E+03  0.5072005E+00  0.3669739E-01 -0.2346560E-03
 -0.1586819E-01 -0.1328327E-04  0.5072005E+00  0.1603423E-02  0.2764271E-03 -0.1580241E-06
 -0.3601748E-01 -0.1069350E-03  0.3669739E-01  0.2764271E-03  0.9285510E+03 -0.1149536E-01
  0.8448896E-04  0.7559683E-07 -0.2346560E-03 -0.1580241E-06 -0.1149536E-01  0.1077195E-02
 
 
 Charge State:     1.00
 Length of the section    159.9800 cm
 
  nonsymplectic matrix: (cm,rad,cm,rad,rad,rel.u.)
  0.7974098E+00  0.1590916E+03  0.1315438E+00  0.3454157E+02  0.1079847E-03 -0.7194810E-03
 -0.6167012E-05  0.1167443E+01 -0.4561600E-04  0.2592952E+00 -0.3770958E-05  0.3683824E-04
 -0.1324138E+00 -0.3466375E+02  0.8194153E+00  0.1604310E+03 -0.3126083E-03  0.2321676E-02
  0.3923567E-04 -0.2593080E+00  0.1257843E-03  0.1172187E+01 -0.7460562E-05  0.5361155E-04
 -0.2540533E-05 -0.6020787E-03  0.7176812E-05  0.4007738E-03  0.9269587E+00 -0.9690745E+01
  0.5295749E-06  0.2616481E-03 -0.1088578E-05 -0.7970096E-04  0.2126719E-01  0.7789804E+00
 
  nonsymplectic matrix after backward rotation 
  0.8079558E+00  0.1627929E+03 -0.2967517E-01  0.2810544E+01  0.1664942E-03 -0.1155581E-02
 -0.1365047E-04  0.1195561E+01 -0.6911743E-04  0.2732186E-01 -0.2254362E-05  0.2575550E-04
  0.2455901E-01 -0.3189864E+01  0.8293760E+00  0.1640833E+03 -0.2857698E-03  0.2138333E-02
  0.3729792E-04 -0.2825325E-01  0.1145657E-03  0.1200212E+01 -0.8049718E-05  0.5973197E-04
 -0.2540533E-05 -0.6020787E-03  0.7176812E-05  0.4007738E-03  0.9269587E+00 -0.9690745E+01
  0.5295749E-06  0.2616481E-03 -0.1088578E-05 -0.7970096E-04  0.2126719E-01  0.7789804E+00
 
  symplectic matrix after backward rotation
  0.8079558E+00  0.3344181E+03 -0.2967517E-01  0.5773574E+01 -0.2591047E-04 -0.4508256E-02
 -0.6911554E-05  0.1243524E+01 -0.3499578E-04  0.2841794E-01  0.1776348E-06  0.5087521E-04
  0.2455901E-01 -0.6552794E+01  0.8293760E+00  0.3370689E+03  0.4447260E-04  0.8342255E-02
  0.1888481E-04 -0.2938669E-01  0.5800729E-04  0.1248362E+01  0.6342858E-06  0.1179894E-03
  0.1684817E-04  0.8202296E-02 -0.4759479E-04 -0.5459861E-02  0.9566752E+00  0.2507224E+03
  0.1417091E-06  0.1438276E-03 -0.2912928E-06 -0.4381152E-04 -0.8856389E-03  0.8132144E+00
 
  det1, det2, det3=    1.0070239   1.0158087   1.0000316
 
  symplecticity conditions aT*J*a
  0.0000000E+00  0.1006426E+01 -0.4271815E-04  0.4729339E-01  0.7588554E-08  0.2198544E-04
 -0.1006426E+01  0.0000000E+00  0.4919108E-01  0.4048984E+01 -0.5608544E-04 -0.7298877E-02
  0.4271815E-04 -0.4919108E-01  0.0000000E+00  0.1015167E+01  0.8381280E-06  0.1300351E-03
 -0.4729339E-01 -0.4048984E+01 -0.1015167E+01  0.0000000E+00  0.2067909E-03  0.3632276E-01
 -0.7588554E-08  0.5608544E-04 -0.8381280E-06 -0.2067909E-03  0.0000000E+00  0.1000032E+01
 -0.2198544E-04  0.7298877E-02 -0.1300351E-03 -0.3632276E-01 -0.1000032E+01  0.0000000E+00
 
  X-plane 
  cosmu > 1 -> Not stable
 
  Y-plane 
  cosmu > 1 -> Not stable
 
  Z-plane 
     cosmu   0.88494     sinmu   0.46570
      muZ      27.76   deg
     betZ     0.12305E+02   deg/%
    alphZ     0.15403E+00
 
  beam sigma matrix (sm) before
  0.1000000E+01  0.0000000E+00  0.0000000E+00  0.0000000E+00  0.0000000E+00  0.0000000E+00
  0.0000000E+00  0.1000000E+01  0.0000000E+00  0.0000000E+00  0.0000000E+00  0.0000000E+00
  0.0000000E+00  0.0000000E+00  0.1000000E+01  0.0000000E+00  0.0000000E+00  0.0000000E+00
  0.0000000E+00  0.0000000E+00  0.0000000E+00  0.1000000E+01  0.0000000E+00  0.0000000E+00
  0.0000000E+00  0.0000000E+00  0.0000000E+00  0.0000000E+00  0.5383823E+03 -0.1540285E+00
  0.0000000E+00  0.0000000E+00  0.0000000E+00  0.0000000E+00 -0.1540285E+00  0.1901754E-02
 
  beam sigma matrix (sm) after
  0.1118695E+06  0.4160210E+03 -0.2452855E+03 -0.2619922E+01  0.2697659E+01  0.4785375E-01
  0.4160210E+03  0.1547160E+01  0.1430220E+01 -0.1067193E-02  0.1014599E-01  0.1775867E-03
 -0.2452855E+03  0.1430220E+01  0.1136591E+06  0.4209765E+03 -0.1870200E+01 -0.1572295E-01
 -0.2619922E+01 -0.1067193E-02  0.4209765E+03  0.1559270E+01 -0.6715851E-02 -0.5910256E-04
  0.2697659E+01  0.1014599E-01 -0.1870200E+01 -0.6715851E-02  0.5383994E+03 -0.1540319E+00
  0.4785375E-01  0.1775867E-03 -0.1572295E-01 -0.5910256E-04 -0.1540319E+00  0.1901836E-02
 
 
 Charge State:     1.00
 Length of the section    159.9800 cm
 
  nonsymplectic matrix: (cm,rad,cm,rad,rad,rel.u.)
  0.7571330E+00  0.1581147E+03  0.1300441E+00  0.3608257E+02 -0.2169779E-03  0.6909841E-03
 -0.3580137E-03  0.1161362E+01 -0.1273113E-03  0.2693029E+00 -0.7314468E-05  0.5324506E-04
 -0.1307741E+00 -0.3617357E+02  0.7733013E+00  0.1584513E+03 -0.4111963E-03  0.2914461E-02
  0.1145815E-03 -0.2701707E+00 -0.2903130E-03  0.1148183E+01 -0.9324490E-05  0.6600458E-04
 -0.4437384E-05 -0.4598411E-03  0.3586354E-05  0.1859158E-03  0.9386072E+00 -0.9358877E+01
  0.8216855E-06  0.1746405E-03 -0.3151251E-06 -0.1142218E-04  0.1967551E-01  0.7974907E+00
 
  nonsymplectic matrix after backward rotation 
  0.7679007E+00  0.1621677E+03 -0.3009616E-01  0.3071852E+01 -0.1287293E-03  0.8323268E-04
 -0.3738422E-03  0.1192042E+01 -0.6554787E-04  0.2993386E-01 -0.5263170E-05  0.3869394E-04
  0.2609011E-01 -0.3229466E+01  0.7835819E+00  0.1624787E+03 -0.4467556E-03  0.2994096E-02
  0.3930313E-04 -0.2810055E-01 -0.3101504E-03  0.1178962E+01 -0.1061822E-04  0.7546138E-04
 -0.4437384E-05 -0.4598411E-03  0.3586354E-05  0.1859158E-03  0.9386072E+00 -0.9358877E+01
  0.8216855E-06  0.1746405E-03 -0.3151251E-06 -0.1142218E-04  0.1967551E-01  0.7974907E+00
 
  symplectic matrix after backward rotation
  0.7679007E+00  0.3202848E+03 -0.3009616E-01  0.6066976E+01  0.1941108E-04  0.3110452E-03
 -0.1964038E-03  0.1236873E+01 -0.3443659E-04  0.3105963E-01  0.4169472E-06  0.7596860E-04
  0.2609011E-01 -0.6378268E+01  0.7835819E+00  0.3208991E+03  0.6736622E-04  0.1118911E-01
  0.2064851E-04 -0.2915737E-01 -0.1629423E-03  0.1223301E+01  0.8411731E-06  0.1481549E-03
  0.3029836E-04  0.6201146E-02 -0.2448755E-04 -0.2507151E-02  0.9663805E+00  0.2388062E+03
  0.2289785E-06  0.9611830E-04 -0.8781570E-07 -0.6286520E-05 -0.8267749E-03  0.8305092E+00
 
  det1, det2, det3=    1.0127010   1.0108444   1.0000269
 
  symplecticity conditions aT*J*a
  0.0000000E+00  0.1012072E+01 -0.5278586E-04  0.5033226E-01  0.9821143E-07  0.3251335E-04
 -0.1012072E+01  0.0000000E+00  0.5008210E-01  0.3997881E+01  0.8118009E-05  0.5524606E-02
  0.5278586E-04 -0.5008210E-01  0.0000000E+00  0.1010119E+01  0.7633339E-06  0.1162728E-03
 -0.5033226E-01 -0.3997881E+01 -0.1010119E+01  0.0000000E+00  0.1975973E-03  0.3372541E-01
 -0.9821143E-07 -0.8118009E-05 -0.7633339E-06 -0.1975973E-03  0.0000000E+00  0.1000027E+01
 -0.3251335E-04 -0.5524606E-02 -0.1162728E-03 -0.3372541E-01 -0.1000027E+01  0.0000000E+00
 
  X-plane 
  cosmu > 1 -> Not stable
 
  Y-plane 
  cosmu > 1 -> Not stable
 
  Z-plane 
     cosmu   0.89844     sinmu   0.43909
      muZ      26.05   deg
     betZ     0.12574E+02   deg/%
    alphZ     0.15472E+00
 
  beam sigma matrix (sm) before
  0.1000000E+01  0.0000000E+00  0.0000000E+00  0.0000000E+00  0.0000000E+00  0.0000000E+00
  0.0000000E+00  0.1000000E+01  0.0000000E+00  0.0000000E+00  0.0000000E+00  0.0000000E+00
  0.0000000E+00  0.0000000E+00  0.1000000E+01  0.0000000E+00  0.0000000E+00  0.0000000E+00
  0.0000000E+00  0.0000000E+00  0.0000000E+00  0.1000000E+01  0.0000000E+00  0.0000000E+00
  0.0000000E+00  0.0000000E+00  0.0000000E+00  0.0000000E+00  0.5438706E+03 -0.1547205E+00
  0.0000000E+00  0.0000000E+00  0.0000000E+00  0.0000000E+00 -0.1547205E+00  0.1882944E-02
 
  beam sigma matrix (sm) after
  0.1026198E+06  0.3963400E+03 -0.9597889E+02 -0.1916906E+01  0.1980524E+01  0.3073657E-01
  0.3963400E+03  0.1530820E+01  0.2077865E+01  0.1931295E-02  0.7818692E-02  0.1185783E-03
 -0.9597889E+02  0.2077865E+01  0.1030175E+06  0.3927420E+03 -0.8078374E+00 -0.2650489E-02
 -0.1916906E+01  0.1931295E-02  0.3927420E+03  0.1497315E+01 -0.2792308E-02 -0.1072853E-04
  0.1980524E+01  0.7818692E-02 -0.8078374E+00 -0.2792308E-02  0.5438853E+03 -0.1547241E+00
  0.3073657E-01  0.1185783E-03 -0.2650489E-02 -0.1072853E-04 -0.1547241E+00  0.1883004E-02
 
 
 Charge State:     1.00
 Length of the section    159.9800 cm
 
  nonsymplectic matrix: (cm,rad,cm,rad,rad,rel.u.)
  0.7335929E+00  0.1569360E+03  0.1222554E+00  0.3618824E+02 -0.3643024E-03  0.1210842E-02
 -0.6290474E-03  0.1136978E+01 -0.2510141E-03  0.2636169E+00 -0.9146390E-05  0.5802673E-04
 -0.1328496E+00 -0.3689062E+02  0.7456949E+00  0.1572552E+03 -0.8522287E-03  0.4243425E-02
  0.1124383E-03 -0.2757855E+00 -0.5951803E-03  0.1127130E+01 -0.1442296E-04  0.8579699E-04
 -0.3878034E-05 -0.3185593E-03 -0.3443701E-05 -0.1940434E-03  0.9458481E+00 -0.9041093E+01
  0.7302633E-06  0.1263616E-03  0.9435173E-06  0.8266353E-04  0.1872899E-01  0.8113675E+00
 
  nonsymplectic matrix after backward rotation 
  0.7451995E+00  0.1611740E+03 -0.3489969E-01  0.2820904E+01 -0.1798220E-03  0.3053622E-03
 -0.6386936E-03  0.1169446E+01 -0.1222505E-03  0.2436395E-01 -0.5959591E-05  0.3899110E-04
  0.2202793E-01 -0.3574183E+01  0.7548439E+00  0.1613408E+03 -0.9092162E-03  0.4402220E-02
 -0.2033528E-04 -0.3422813E-01 -0.6342732E-03  0.1157291E+01 -0.1600505E-04  0.9595791E-04
 -0.3878034E-05 -0.3185593E-03 -0.3443701E-05 -0.1940434E-03  0.9458481E+00 -0.9041093E+01
  0.7302633E-06  0.1263616E-03  0.9435173E-06  0.8266353E-04  0.1872899E-01  0.8113675E+00
 
  symplectic matrix after backward rotation
  0.7451995E+00  0.3067845E+03 -0.3489969E-01  0.5369412E+01  0.2633605E-04  0.1095787E-02
 -0.3474044E-03  0.1210770E+01 -0.6649566E-04  0.2522487E-01  0.4747523E-06  0.7610603E-04
  0.2202793E-01 -0.6803232E+01  0.7548439E+00  0.3071019E+03  0.1331604E-03  0.1579729E-01
 -0.1106096E-04 -0.3543761E-01 -0.3450000E-03  0.1198185E+01  0.1274992E-05  0.1872985E-03
  0.2720400E-04  0.4253536E-02  0.2415721E-04  0.2590947E-02  0.9717410E+00  0.2275899E+03
  0.2114563E-06  0.6964580E-04  0.2732066E-06  0.4556105E-04 -0.7942615E-03  0.8430817E+00
 
  det1, det2, det3=    1.0088432   1.0103927   1.0000230
 
  symplecticity conditions aT*J*a
  0.0000000E+00  0.1007987E+01 -0.6092717E-04  0.5045329E-01  0.1654048E-06  0.3620526E-04
 -0.1007987E+01  0.0000000E+00  0.5095262E-01  0.3968906E+01  0.3874848E-04  0.9042388E-02
  0.6092717E-04 -0.5095262E-01  0.0000000E+00  0.1009869E+01  0.7088698E-06  0.1024354E-03
 -0.5045329E-01 -0.3968906E+01 -0.1009869E+01  0.0000000E+00  0.1875552E-03  0.3078781E-01
 -0.1654048E-06 -0.3874848E-04 -0.7088698E-06 -0.1875552E-03  0.0000000E+00  0.1000023E+01
 -0.3620526E-04 -0.9042388E-02 -0.1024354E-03 -0.3078781E-01 -0.1000023E+01  0.0000000E+00
 
  X-plane 
     cosmu   0.97798     sinmu   0.20868
      muX      12.04   deg
     betX     0.77236E+03  cm/rad
    alphX    -0.11155E+01
 
  Y-plane 
     cosmu   0.97651     sinmu   0.21545
      muY      12.44   deg
     betY     0.74885E+03  cm/rad
    alphY    -0.10289E+01
 
  Z-plane 
     cosmu   0.90741     sinmu   0.42024
      muZ      24.85   deg
     betZ     0.12664E+02   deg/%
    alphZ     0.15308E+00
 
  beam sigma matrix (sm) before
  0.1470137E+04  0.1115525E+01  0.0000000E+00  0.0000000E+00  0.0000000E+00  0.0000000E+00
  0.1115525E+01  0.1664791E-02  0.0000000E+00  0.0000000E+00  0.0000000E+00  0.0000000E+00
  0.0000000E+00  0.0000000E+00  0.1425384E+04  0.1028862E+01  0.0000000E+00  0.0000000E+00
  0.0000000E+00  0.0000000E+00  0.1028862E+01  0.1601284E-02  0.0000000E+00  0.0000000E+00
  0.0000000E+00  0.0000000E+00  0.0000000E+00  0.0000000E+00  0.5415667E+03 -0.1530771E+00
  0.0000000E+00  0.0000000E+00  0.0000000E+00  0.0000000E+00 -0.1530771E+00  0.1890003E-02
 
  beam sigma matrix (sm) after
  0.1484535E+04  0.1127642E+01 -0.1922562E+02 -0.8092612E-01  0.5693297E-01  0.3713184E-03
  0.1127642E+01  0.1683383E-02 -0.5313598E-01 -0.7681767E-04  0.2827593E-03  0.1359567E-06
 -0.1922562E+02 -0.5313598E-01  0.1440653E+04  0.1038811E+01  0.1075252E+00  0.3968620E-03
 -0.8092612E-01 -0.7681767E-04  0.1038811E+01  0.1621072E-02  0.6993971E-03 -0.1348339E-06
  0.5693297E-01  0.2827593E-03  0.1075252E+00  0.6993971E-03  0.5415791E+03 -0.1530805E+00
  0.3713184E-03  0.1359567E-06  0.3968620E-03 -0.1348339E-06 -0.1530805E+00  0.1890046E-02
 
 
 Charge State:     1.00
 Length of the section    152.3218 cm
 
  nonsymplectic matrix: (cm,rad,cm,rad,rad,rel.u.)
  0.8046245E+00  0.1494980E+03  0.1198383E+00  0.3043757E+02 -0.1511356E-03  0.3145683E-03
 -0.7100927E-03  0.1052305E+01 -0.2467333E-03  0.2156431E+00 -0.1985840E-05  0.3575410E-05
 -0.1339171E+00 -0.3120118E+02  0.8145958E+00  0.1499692E+03 -0.7411111E-03  0.2698125E-02
  0.6065852E-04 -0.2318174E+00 -0.6236446E-03  0.1061984E+01 -0.8346791E-05  0.3285752E-04
  0.5104382E-06  0.8375734E-04 -0.3940589E-05 -0.1189909E-03  0.9702559E+00 -0.8526623E+01
 -0.3247962E-06 -0.3626631E-04  0.6818644E-06  0.1575722E-04  0.5547004E-02  0.9502893E+00
 
  nonsymplectic matrix after backward rotation 
  0.8155163E+00  0.1526885E+03 -0.3263352E-01  0.2223104E+01 -0.1169426E-04 -0.1890366E-03
 -0.7090831E-03  0.1077014E+01 -0.1273377E-03  0.1584487E-01 -0.4104990E-06 -0.2553053E-05
  0.1695563E-01 -0.3060596E+01  0.8227166E+00  0.1530107E+03 -0.7562743E-03  0.2709815E-02
 -0.7149974E-04 -0.3352831E-01 -0.6584793E-03  0.1083541E+01 -0.8569946E-05  0.3295273E-04
  0.5104382E-06  0.8375734E-04 -0.3940589E-05 -0.1189909E-03  0.9702559E+00 -0.8526623E+01
 -0.3247962E-06 -0.3626631E-04  0.6818644E-06  0.1575722E-04  0.5547004E-02  0.9502893E+00
 
  symplectic matrix after backward rotation
  0.8155163E+00  0.2807137E+03 -0.3263352E-01  0.4087116E+01  0.1667060E-05 -0.6528369E-03
 -0.3921490E-03  0.1095047E+01 -0.7042244E-04  0.1611016E-01  0.3236270E-07 -0.4876100E-05
  0.1695563E-01 -0.5626822E+01  0.8227166E+00  0.2813060E+03  0.1078098E-03  0.9358331E-02
 -0.3954198E-04 -0.3408968E-01 -0.3641633E-03  0.1101683E+01  0.6756330E-06  0.6293672E-04
 -0.3626670E-05 -0.1094070E-02  0.2799794E-04  0.1554304E-02  0.9827202E+00  0.2092188E+03
 -0.9579494E-07 -0.1966492E-04  0.2011081E-06  0.8544144E-05 -0.2332216E-03  0.9679350E+00
 
  det1, det2, det3=    1.0031103   1.0088139   1.0000036
 
  symplecticity conditions aT*J*a
  0.0000000E+00  0.1002310E+01 -0.4387062E-04  0.4454398E-01  0.1377503E-06  0.1373635E-04
 -0.1002310E+01  0.0000000E+00  0.4606192E-01  0.3437417E+01  0.2671295E-04  0.2366270E-02
  0.4387062E-04 -0.4606192E-01  0.0000000E+00  0.1008576E+01  0.3900134E-06  0.4032478E-04
 -0.4454398E-01 -0.3437417E+01 -0.1008576E+01  0.0000000E+00  0.6263386E-04  0.7102022E-02
 -0.1377503E-06 -0.2671295E-04 -0.3900134E-06 -0.6263386E-04  0.0000000E+00  0.1000004E+01
 -0.1373635E-04 -0.2366270E-02 -0.4032478E-04 -0.7102022E-02 -0.1000004E+01  0.0000000E+00
 
  X-plane 
     cosmu   0.95528     sinmu   0.29570
      muX      17.20   deg
     betX     0.51637E+03  cm/rad
    alphX    -0.47266E+00
 
  Y-plane 
     cosmu   0.96220     sinmu   0.27235
      muY      15.80   deg
     betY     0.56183E+03  cm/rad
    alphY    -0.51216E+00
 
  Z-plane 
     cosmu   0.97533     sinmu   0.22076
      muZ      12.75   deg
     betZ     0.22414E+02   deg/%
    alphZ     0.33487E-01
 
  beam sigma matrix (sm) before
  0.9493277E+03  0.4726635E+00  0.0000000E+00  0.0000000E+00  0.0000000E+00  0.0000000E+00
  0.4726635E+00  0.1326184E-02  0.0000000E+00  0.0000000E+00  0.0000000E+00  0.0000000E+00
  0.0000000E+00  0.0000000E+00  0.1032903E+04  0.5121555E+00  0.0000000E+00  0.0000000E+00
  0.0000000E+00  0.0000000E+00  0.5121555E+00  0.1337139E-02  0.0000000E+00  0.0000000E+00
  0.0000000E+00  0.0000000E+00  0.0000000E+00  0.0000000E+00  0.9477100E+03 -0.3348686E-01
  0.0000000E+00  0.0000000E+00  0.0000000E+00  0.0000000E+00 -0.3348686E-01  0.1056437E-02
 
  beam sigma matrix (sm) after
  0.9532661E+03  0.4761787E+00 -0.1806065E+02 -0.6257035E-01 -0.3602472E-02 -0.1093241E-03
  0.4761787E+00  0.1334616E-02 -0.6180668E-01 -0.4145168E-04  0.2525529E-04 -0.6515259E-07
 -0.1806065E+02 -0.6180668E-01  0.1042231E+04  0.5161195E+00  0.1304282E+00  0.1877083E-03
 -0.6257035E-01 -0.4145168E-04  0.5161195E+00  0.1353225E-02  0.6438761E-03 -0.5116900E-07
 -0.3602472E-02  0.2525529E-04  0.1304282E+00  0.6438761E-03  0.9477134E+03 -0.3348698E-01
 -0.1093241E-03 -0.6515259E-07  0.1877083E-03 -0.5116900E-07 -0.3348698E-01  0.1056441E-02
 
 
 Charge State:     1.00
 Length of the section    159.9800 cm
 
  nonsymplectic matrix: (cm,rad,cm,rad,rad,rel.u.)
  0.7933056E+00  0.1572486E+03  0.1171611E+00  0.3193508E+02  0.5680438E-03 -0.1769473E-02
 -0.3505097E-03  0.1113354E+01 -0.1777708E-03  0.2282299E+00  0.3945667E-05 -0.3888992E-05
 -0.1305758E+00 -0.3269374E+02  0.8033172E+00  0.1580307E+03 -0.5427990E-03  0.2423430E-02
  0.2962574E-04 -0.2390220E+00 -0.3506831E-03  0.1110466E+01 -0.8790999E-05  0.4587885E-04
  0.8560807E-05  0.5516210E-03  0.1832427E-05  0.2476071E-03  0.9490720E+00 -0.8590957E+01
 -0.2064562E-05 -0.1824296E-03 -0.4612044E-06 -0.8308065E-04  0.1850332E-01  0.8252830E+00
 
  nonsymplectic matrix after backward rotation 
  0.8037931E+00  0.1605782E+03 -0.3236135E-01  0.2369465E+01  0.6580677E-03 -0.2184442E-02
 -0.3499889E-03  0.1138315E+01 -0.1103440E-03  0.2041022E-01  0.5493030E-05 -0.1224853E-04
  0.1733617E-01 -0.3258866E+01  0.8111708E+00  0.1612078E+03 -0.4292452E-03  0.2057246E-02
 -0.3524948E-04 -0.3048829E-01 -0.3773663E-03  0.1133493E+01 -0.7916853E-05  0.4438431E-04
  0.8560807E-05  0.5516210E-03  0.1832427E-05  0.2476071E-03  0.9490720E+00 -0.8590957E+01
 -0.2064562E-05 -0.1824296E-03 -0.4612044E-06 -0.8308065E-04  0.1850332E-01  0.8252830E+00
 
  symplectic matrix after backward rotation
  0.8037931E+00  0.2903572E+03 -0.3236135E-01  0.4284462E+01 -0.9262019E-04 -0.7406429E-02
 -0.1998127E-03  0.1175106E+01 -0.6299664E-04  0.2106990E-01 -0.4413833E-06 -0.2370943E-04
  0.1733617E-01 -0.5892675E+01  0.8111708E+00  0.2914956E+03  0.6041442E-04  0.6975168E-02
 -0.2012434E-04 -0.3147370E-01 -0.2154428E-03  0.1170129E+01  0.6361456E-06  0.8591453E-04
 -0.6231305E-04 -0.7260242E-02 -0.1333801E-04 -0.3258918E-02  0.9722962E+00  0.2120188E+03
 -0.6308388E-06 -0.1007933E-03 -0.1409236E-06 -0.4590250E-04 -0.7957473E-03  0.8549914E+00
 
  det1, det2, det3=    1.0025592   1.0119750   1.0000183
 
  symplecticity conditions aT*J*a
  0.0000000E+00  0.1001895E+01 -0.4451315E-04  0.4394363E-01  0.3019042E-06  0.6156497E-04
 -0.1001895E+01  0.0000000E+00  0.4653657E-01  0.3362356E+01  0.8261088E-04  0.1669504E-01
  0.4451315E-04 -0.4653657E-01  0.0000000E+00  0.1011563E+01  0.6851208E-06  0.8996937E-04
 -0.4394363E-01 -0.3362356E+01 -0.1011563E+01  0.0000000E+00  0.1620255E-03  0.2388218E-01
 -0.3019042E-06 -0.8261088E-04 -0.6851208E-06 -0.1620255E-03  0.0000000E+00  0.1000018E+01
 -0.6156497E-04 -0.1669504E-01 -0.8996937E-04 -0.2388218E-01 -0.1000018E+01  0.0000000E+00
 
  X-plane 
     cosmu   0.98945     sinmu   0.14488
      muX       8.33   deg
     betX     0.11084E+04  cm/rad
    alphX    -0.12815E+01
 
  Y-plane 
     cosmu   0.99065     sinmu   0.13643
      muY       7.84   deg
     betY     0.11816E+04  cm/rad
    alphY    -0.13155E+01
 
  Z-plane 
     cosmu   0.91364     sinmu   0.40652
      muZ      23.99   deg
     betZ     0.12405E+02   deg/%
    alphZ     0.14428E+00
 
  beam sigma matrix (sm) before
  0.2004154E+04  0.1281470E+01  0.0000000E+00  0.0000000E+00  0.0000000E+00  0.0000000E+00
  0.1281470E+01  0.1379181E-02  0.0000000E+00  0.0000000E+00  0.0000000E+00  0.0000000E+00
  0.0000000E+00  0.0000000E+00  0.2136606E+04  0.1315546E+01  0.0000000E+00  0.0000000E+00
  0.0000000E+00  0.0000000E+00  0.1315546E+01  0.1579154E-02  0.0000000E+00  0.0000000E+00
  0.0000000E+00  0.0000000E+00  0.0000000E+00  0.0000000E+00  0.5215513E+03 -0.1442808E+00
  0.0000000E+00  0.0000000E+00  0.0000000E+00  0.0000000E+00 -0.1442808E+00  0.1957482E-02
 
  beam sigma matrix (sm) after
  0.2011184E+04  0.1287996E+01 -0.3600431E+02 -0.1131464E+00 -0.1791588E+00 -0.1347931E-02
  0.1287996E+01  0.1388399E-02 -0.9003509E-01 -0.1002103E-03 -0.2940401E-03 -0.6223113E-06
 -0.3600431E+02 -0.9003509E-01  0.2162580E+04  0.1330309E+01 -0.4301666E-02 -0.4070226E-03
 -0.1131464E+00 -0.1002103E-03  0.1330309E+01  0.1601865E-02  0.3127735E-03 -0.3548470E-06
 -0.1791588E+00 -0.2940401E-03 -0.4301666E-02  0.3127735E-03  0.5215608E+03 -0.1442834E+00
 -0.1347931E-02 -0.6223113E-06 -0.4070226E-03 -0.3548470E-06 -0.1442834E+00  0.1957519E-02
 
 
 Charge State:     1.00
 Length of the section    159.9800 cm
 
  nonsymplectic matrix: (cm,rad,cm,rad,rad,rel.u.)
  0.7864402E+00  0.1572178E+03  0.1192579E+00  0.3228224E+02  0.8851080E-03 -0.1558627E-02
 -0.4313651E-03  0.1113544E+01 -0.1577447E-03  0.2326617E+00  0.6049971E-05  0.3666777E-05
 -0.1262691E+00 -0.3260259E+02  0.7898213E+00  0.1571922E+03 -0.5657229E-03  0.2212149E-02
  0.9451001E-04 -0.2347550E+00 -0.5067887E-03  0.1095528E+01 -0.8912331E-05  0.4188396E-04
  0.1165840E-04  0.7543370E-03  0.2011375E-05  0.2111916E-03  0.9526345E+00 -0.8325261E+01
 -0.2411080E-05 -0.2372654E-03 -0.4749814E-06 -0.6710802E-04  0.1789054E-01  0.8360935E+00
 
  nonsymplectic matrix after backward rotation 
  0.7962290E+00  0.1605349E+03 -0.2876502E-01  0.2675129E+01  0.9744134E-03 -0.1940610E-02
 -0.4414010E-03  0.1137747E+01 -0.6136670E-04  0.2618696E-01  0.7592860E-05 -0.4137050E-05
  0.2124971E-01 -0.2985223E+01  0.7982560E+00  0.1604505E+03 -0.3923991E-03  0.1885989E-02
  0.1316046E-04 -0.2491468E-01 -0.5272118E-03  0.1119655E+01 -0.7640698E-05  0.4184013E-04
  0.1165840E-04  0.7543370E-03  0.2011375E-05  0.2111916E-03  0.9526345E+00 -0.8325261E+01
 -0.2411080E-05 -0.2372654E-03 -0.4749814E-06 -0.6710802E-04  0.1789054E-01  0.8360935E+00
 
  symplectic matrix after backward rotation
  0.7962290E+00  0.2811905E+03 -0.2876502E-01  0.4685716E+01 -0.1338687E-03 -0.6351084E-02
 -0.2596992E-03  0.1172504E+01 -0.3610523E-04  0.2698694E-01 -0.6137314E-06 -0.7965952E-05
  0.2124971E-01 -0.5228872E+01  0.7982560E+00  0.2810427E+03  0.5390929E-04  0.6172325E-02
  0.7742987E-05 -0.2567579E-01 -0.3101862E-03  0.1153859E+01  0.6175982E-06  0.8056379E-04
 -0.8679317E-04 -0.9836562E-02 -0.1497406E-04 -0.2753940E-02  0.9743359E+00  0.2028403E+03
 -0.7618947E-06 -0.1313255E-03 -0.1500928E-06 -0.3714402E-04 -0.7766805E-03  0.8646646E+00
 
  det1, det2, det3=    1.0066067   1.0082507   1.0000159
 
  symplecticity conditions aT*J*a
  0.0000000E+00  0.1006102E+01 -0.4899053E-04  0.4504772E-01  0.2990220E-06  0.7316801E-04
 -0.1006102E+01  0.0000000E+00  0.4569244E-01  0.3277057E+01  0.1181359E-03  0.2307671E-01
  0.4899053E-04 -0.4569244E-01  0.0000000E+00  0.1007644E+01  0.6804149E-06  0.8372225E-04
 -0.4504772E-01 -0.3277057E+01 -0.1007644E+01  0.0000000E+00  0.1504343E-03  0.2080701E-01
 -0.2990220E-06 -0.1181359E-03 -0.6804149E-06 -0.1504343E-03  0.0000000E+00  0.1000016E+01
 -0.7316801E-04 -0.2307671E-01 -0.8372225E-04 -0.2080701E-01 -0.1000016E+01  0.0000000E+00
 
  X-plane 
     cosmu   0.98437     sinmu   0.17613
      muX      10.14   deg
     betX     0.91145E+03  cm/rad
    alphX    -0.10682E+01
 
  Y-plane 
     cosmu   0.97606     sinmu   0.21751
      muY      12.56   deg
     betY     0.73766E+03  cm/rad
    alphY    -0.81743E+00
 
  Z-plane 
     cosmu   0.91950     sinmu   0.39309
      muZ      23.15   deg
     betZ     0.12411E+02   deg/%
    alphZ     0.13950E+00
 
  beam sigma matrix (sm) before
  0.1596476E+04  0.1068163E+01  0.0000000E+00  0.0000000E+00  0.0000000E+00  0.0000000E+00
  0.1068163E+01  0.1474458E-02  0.0000000E+00  0.0000000E+00  0.0000000E+00  0.0000000E+00
  0.0000000E+00  0.0000000E+00  0.1292079E+04  0.8174341E+00  0.0000000E+00  0.0000000E+00
  0.0000000E+00  0.0000000E+00  0.8174341E+00  0.1426065E-02  0.0000000E+00  0.0000000E+00
  0.0000000E+00  0.0000000E+00  0.0000000E+00  0.0000000E+00  0.5160156E+03 -0.1394992E+00
  0.0000000E+00  0.0000000E+00  0.0000000E+00  0.0000000E+00 -0.1394992E+00  0.1975837E-02
 
  beam sigma matrix (sm) after
  0.1607904E+04  0.1075969E+01 -0.4562125E+01 -0.2939493E-01 -0.2134955E+00 -0.1299583E-02
  0.1075969E+01  0.1485330E-02 -0.6894137E-02 -0.1279942E-04 -0.3799615E-03 -0.5200542E-06
 -0.4562125E+01 -0.6894137E-02  0.1303264E+04  0.8240131E+00  0.2821200E-02 -0.2688671E-03
 -0.2939493E-01 -0.1279942E-04  0.8240131E+00  0.1438474E-02  0.3040170E-03 -0.2934001E-06
 -0.2134955E+00 -0.3799615E-03  0.2821200E-02  0.3040170E-03  0.5160238E+03 -0.1395013E+00
 -0.1299583E-02 -0.5200542E-06 -0.2688671E-03 -0.2934001E-06 -0.1395013E+00  0.1975869E-02
 
 
 Charge State:     1.00
 Length of the section    159.9800 cm
 
  nonsymplectic matrix: (cm,rad,cm,rad,rad,rel.u.)
  0.7842467E+00  0.1573594E+03  0.1208998E+00  0.3245344E+02  0.4365653E-03 -0.9379212E-04
 -0.4741754E-03  0.1114562E+01 -0.1416449E-03  0.2347727E+00  0.4470829E-06  0.2685641E-04
 -0.1240362E+00 -0.3252765E+02  0.7814869E+00  0.1567163E+03 -0.5689216E-03  0.1820649E-02
  0.1266512E-03 -0.2322677E+00 -0.6147607E-03  0.1086743E+01 -0.9217599E-05  0.3803579E-04
  0.8227755E-05  0.5009350E-03  0.1137335E-05  0.7832936E-04  0.9571352E+00 -0.8081746E+01
 -0.1768209E-05 -0.1745714E-03 -0.2574896E-06 -0.8238926E-05  0.1700925E-01  0.8472151E+00
 
  nonsymplectic matrix after backward rotation 
  0.7936502E+00  0.1606615E+03 -0.2596508E-01  0.2859649E+01  0.5344028E-03 -0.4294481E-03
 -0.4894303E-03  0.1138298E+01 -0.2530729E-04  0.2938744E-01  0.2146926E-05  0.1934533E-04
  0.2339431E-01 -0.2813424E+01  0.7903571E+00  0.1600158E+03 -0.4781994E-03  0.1771760E-02
  0.3661692E-04 -0.2177220E-01 -0.6303598E-03  0.1111424E+01 -0.8975229E-05  0.4235264E-04
  0.8227755E-05  0.5009350E-03  0.1137335E-05  0.7832936E-04  0.9571352E+00 -0.8081746E+01
 -0.1768209E-05 -0.1745714E-03 -0.2574896E-06 -0.8238926E-05  0.1700925E-01  0.8472151E+00
 
  symplectic matrix after backward rotation
  0.7936502E+00  0.2730704E+03 -0.2596508E-01  0.4860438E+01 -0.7178307E-04 -0.1359025E-02
 -0.2962915E-03  0.1171243E+01 -0.1532053E-04  0.3023798E-01 -0.1745817E-06  0.3706135E-04
  0.2339431E-01 -0.4781871E+01  0.7903571E+00  0.2719728E+03  0.6423360E-04  0.5606886E-02
  0.2216716E-04 -0.2240234E-01 -0.3816074E-03  0.1143592E+01  0.7298391E-06  0.8113823E-04
 -0.6255538E-04 -0.6473324E-02 -0.8647125E-05 -0.1012210E-02  0.9774844E+00  0.1944488E+03
 -0.5769142E-06 -0.9680848E-04 -0.8401124E-07 -0.4568893E-05 -0.7454461E-03  0.8747585E+00
 
  det1, det2, det3=    1.0104655   1.0076325   1.0000139
 
  symplecticity conditions aT*J*a
  0.0000000E+00  0.1010047E+01 -0.4629979E-04  0.4616315E-01  0.4663810E-06  0.8824439E-04
 -0.1010047E+01  0.0000000E+00  0.4575847E-01  0.3188661E+01  0.1338056E-03  0.2461142E-01
  0.4629979E-04 -0.4575847E-01  0.0000000E+00  0.1006922E+01  0.6933444E-06  0.7405642E-04
 -0.4616315E-01 -0.3188661E+01 -0.1006922E+01  0.0000000E+00  0.1315820E-03  0.1587961E-01
 -0.4663810E-06 -0.1338056E-03 -0.6933444E-06 -0.1315820E-03  0.0000000E+00  0.1000014E+01
 -0.8824439E-04 -0.2461142E-01 -0.7405642E-04 -0.1587961E-01 -0.1000014E+01  0.0000000E+00
 
  X-plane 
     cosmu   0.98245     sinmu   0.18654
      muX      10.75   deg
     betX     0.86125E+03  cm/rad
    alphX    -0.10121E+01
 
  Y-plane 
     cosmu   0.96697     sinmu   0.25487
      muY      14.77   deg
     betY     0.62782E+03  cm/rad
    alphY    -0.69296E+00
 
  Z-plane 
     cosmu   0.92612     sinmu   0.37723
      muZ      22.16   deg
     betZ     0.12536E+02   deg/%
    alphZ     0.13616E+00
 
  beam sigma matrix (sm) before
  0.1463835E+04  0.1012071E+01  0.0000000E+00  0.0000000E+00  0.0000000E+00  0.0000000E+00
  0.1012071E+01  0.1588315E-02  0.0000000E+00  0.0000000E+00  0.0000000E+00  0.0000000E+00
  0.0000000E+00  0.0000000E+00  0.1067088E+04  0.6929592E+00  0.0000000E+00  0.0000000E+00
  0.0000000E+00  0.0000000E+00  0.6929592E+00  0.1497240E-02  0.0000000E+00  0.0000000E+00
  0.0000000E+00  0.0000000E+00  0.0000000E+00  0.0000000E+00  0.5154710E+03 -0.1361598E+00
  0.0000000E+00  0.0000000E+00  0.0000000E+00  0.0000000E+00 -0.1361598E+00  0.1976129E-02
 
  beam sigma matrix (sm) after
  0.1479735E+04  0.1022712E+01  0.5578557E+01  0.1202589E-02 -0.1323590E+00 -0.9136911E-03
  0.1022712E+01  0.1605915E-02  0.2318837E-01  0.1958075E-04 -0.1312314E-03 -0.4295463E-06
  0.5578557E+01  0.2318837E-01  0.1075843E+04  0.6985398E+00  0.2023998E-01 -0.1316424E-03
  0.1202589E-02  0.1958075E-04  0.6985398E+00  0.1509179E-02  0.3634725E-03 -0.2622277E-06
 -0.1323590E+00 -0.1312314E-03  0.2023998E-01  0.3634725E-03  0.5154782E+03 -0.1361616E+00
 -0.9136911E-03 -0.4295463E-06 -0.1316424E-03 -0.2622277E-06 -0.1361616E+00  0.1976157E-02
 
 
 Charge State:     1.00
 Length of the section    152.3218 cm
 
  nonsymplectic matrix: (cm,rad,cm,rad,rad,rel.u.)
  0.9917316E+00  0.1546851E+03  0.9490254E-01  0.1871899E+02  0.1903393E-03  0.7094958E-03
  0.5802413E-03  0.1081238E+01  0.4717329E-04  0.1341668E+00  0.1515039E-05  0.7723649E-05
 -0.9554288E-01 -0.1869615E+02  0.9853908E+00  0.1539119E+03 -0.3985468E-03  0.9255857E-03
 -0.4848985E-04 -0.1335531E+00  0.4602424E-03  0.1067072E+01 -0.4660168E-05  0.1172324E-04
  0.5712637E-05  0.3193390E-03  0.3490761E-06  0.2558507E-04  0.9755668E+00 -0.7612806E+01
 -0.1389060E-05 -0.1346251E-03 -0.8741969E-07 -0.1998925E-05  0.5637736E-02  0.9553007E+00
 
  nonsymplectic matrix after backward rotation 
  0.9962185E+00  0.1558035E+03 -0.1438351E-01  0.1625409E+01  0.2331446E-03  0.6030561E-03
  0.5820490E-03  0.1089372E+01 -0.3887875E-05  0.1563011E-01  0.2019895E-05  0.6383216E-05
  0.1444658E-01 -0.1517409E+01  0.9898458E+00  0.1550376E+03 -0.3751162E-03  0.9982066E-03
  0.1581745E-04 -0.1345736E-01  0.4626373E-03  0.1075360E+01 -0.4464587E-05  0.1250375E-04
  0.5712637E-05  0.3193390E-03  0.3490761E-06  0.2558507E-04  0.9755668E+00 -0.7612806E+01
 -0.1389060E-05 -0.1346251E-03 -0.8741969E-07 -0.1998925E-05  0.5637736E-02  0.9553007E+00
 
  symplectic matrix after backward rotation
  0.9962185E+00  0.2573647E+03 -0.1438351E-01  0.2684938E+01 -0.3066494E-04  0.1848332E-02
  0.3572306E-03  0.1104427E+01 -0.2386170E-05  0.1584611E-01 -0.1630551E-06  0.1200745E-04
  0.1444658E-01 -0.2506538E+01  0.9898458E+00  0.2560994E+03  0.4933811E-04  0.3059445E-02
  0.9707903E-05 -0.1364333E-01  0.2839421E-03  0.1090221E+01  0.3604019E-06  0.2352077E-04
 -0.4386983E-04 -0.4050913E-02 -0.2680707E-05 -0.3245544E-03  0.9853782E+00  0.1791828E+03
 -0.4602600E-06 -0.7368516E-04 -0.2896620E-07 -0.1094084E-05 -0.2456992E-03  0.9701627E+00
 
  det1, det2, det3=    1.0083120   1.0064335   1.0000023
 
  symplecticity conditions aT*J*a
  0.0000000E+00  0.1008139E+01 -0.2746249E-05  0.2809083E-01  0.3175525E-06  0.5152166E-04
 -0.1008139E+01  0.0000000E+00  0.2806451E-01  0.1874281E+01  0.6527538E-04  0.1030480E-01
  0.2746249E-05 -0.2806451E-01  0.0000000E+00  0.1006212E+01  0.3742066E-06  0.2483446E-04
 -0.2809083E-01 -0.1874281E+01 -0.1006212E+01  0.0000000E+00  0.3971522E-04  0.2572305E-02
 -0.3175525E-06 -0.6527538E-04 -0.3742066E-06 -0.3971522E-04  0.0000000E+00  0.1000002E+01
 -0.5152166E-04 -0.1030480E-01 -0.2483446E-04 -0.2572305E-02 -0.1000002E+01  0.0000000E+00
 
  X-plane 
  cosmu > 1 -> Not stable
 
  Y-plane 
  cosmu > 1 -> Not stable
 
  Z-plane 
     cosmu   0.97777     sinmu   0.20968
      muZ      12.10   deg
     betZ     0.21012E+02   deg/%
    alphZ     0.36283E-01
 
  beam sigma matrix (sm) before
  0.1000000E+01  0.0000000E+00  0.0000000E+00  0.0000000E+00  0.0000000E+00  0.0000000E+00
  0.0000000E+00  0.1000000E+01  0.0000000E+00  0.0000000E+00  0.0000000E+00  0.0000000E+00
  0.0000000E+00  0.0000000E+00  0.1000000E+01  0.0000000E+00  0.0000000E+00  0.0000000E+00
  0.0000000E+00  0.0000000E+00  0.0000000E+00  0.1000000E+01  0.0000000E+00  0.0000000E+00
  0.0000000E+00  0.0000000E+00  0.0000000E+00  0.0000000E+00  0.8545614E+03 -0.3628305E-01
  0.0000000E+00  0.0000000E+00  0.0000000E+00  0.0000000E+00 -0.3628305E-01  0.1171792E-02
 
  beam sigma matrix (sm) after
  0.6624478E+05  0.2842834E+03  0.4251712E+02 -0.5841295E+00 -0.1068777E+01 -0.1895772E-01
  0.2842834E+03  0.1220010E+01  0.1289896E+01  0.2207709E-02 -0.4613247E-02 -0.8134364E-04
  0.4251712E+02  0.1289896E+01  0.6559418E+05  0.2792395E+03 -0.3120953E-01 -0.1041255E-03
 -0.5841295E+00  0.2207709E-02  0.2792395E+03  0.1188769E+01  0.6667445E-05 -0.2489041E-06
 -0.1068777E+01 -0.4613247E-02 -0.3120953E-01  0.6667445E-05  0.8545634E+03 -0.3628283E-01
 -0.1895772E-01 -0.8134364E-04 -0.1041255E-03 -0.2489041E-06 -0.3628283E-01  0.1171800E-02
 
 
 Charge State:     1.00
 Length of the section    362.3800 cm
 
  nonsymplectic matrix: (cm,rad,cm,rad,rad,rel.u.)
  0.3934909E+00  0.4238078E+03  0.1464106E+00  0.1033816E+03  0.8589255E-02 -0.6741640E-01
 -0.5553710E-03  0.1646065E+01 -0.2687823E-04  0.4035636E+00  0.5014605E-04 -0.5308365E-03
 -0.1463843E+00 -0.1020338E+03  0.3716427E+00  0.4210942E+03  0.6745642E-02 -0.6923762E-01
  0.4579778E-04 -0.3845209E+00 -0.6607057E-03  0.1628737E+01  0.4950281E-04 -0.6782343E-03
  0.1301778E-03  0.2926123E-01  0.1694590E-03  0.5214369E-01  0.1312956E+01 -0.3051753E+02
 -0.6660007E-05 -0.3147870E-02 -0.1298833E-04 -0.6684211E-02  0.2380210E-01  0.7381483E+00
 
  nonsymplectic matrix after backward rotation 
  0.4178655E+00  0.4358027E+03  0.4626793E-01 -0.7998168E+01  0.6573440E-02 -0.4741888E-01
 -0.5485580E-03  0.1689634E+01  0.1433587E-03 -0.2736227E-01  0.3578345E-04 -0.3392734E-03
 -0.4064286E-01  0.9996462E+01  0.3967539E+00  0.4335252E+03  0.8721748E-02 -0.8420373E-01
 -0.9807374E-04  0.5021012E-01 -0.6455252E-03  0.1677766E+01  0.6070173E-04 -0.7916329E-03
  0.1301778E-03  0.2926123E-01  0.1694590E-03  0.5214369E-01  0.1312956E+01 -0.3051753E+02
 -0.6660007E-05 -0.3147870E-02 -0.1298833E-04 -0.6684211E-02  0.2380210E-01  0.7381483E+00
 
  symplectic matrix after backward rotation
  0.4178655E+00  0.7100695E+03  0.4626793E-01 -0.1303171E+02 -0.1711959E-02 -0.1431097E+00
 -0.3560622E-03  0.1786928E+01  0.9305234E-04 -0.2893786E-01 -0.6049037E-05 -0.6646162E-03
 -0.4064286E-01  0.1628761E+02  0.3967539E+00  0.7063587E+03 -0.2271456E-02 -0.2541260E+00
 -0.6365846E-04  0.5310135E-01 -0.4190024E-03  0.1774376E+01 -0.1026136E-04 -0.1550761E-02
 -0.5202625E-03 -0.1905413E+00 -0.6772520E-03 -0.3395458E+00  0.1366585E+01  0.3680890E+03
 -0.2350960E-05 -0.1810499E-02 -0.4584835E-05 -0.3844427E-02 -0.2188198E-02  0.7863790E+00
 
  det1, det2, det3=    0.9995245   0.9999566   1.8801047
 
  symplecticity conditions aT*J*a
  0.0000000E+00  0.9984037E+00  0.9764462E-04 -0.4388104E-01  0.1486428E-05  0.1744127E-03
 -0.9984037E+00  0.0000000E+00 -0.4449689E-01 -0.5869309E+01  0.1608537E-02  0.2886262E+00
 -0.9764462E-04  0.4449689E-01  0.0000000E+00  0.9998313E+00  0.2603969E-05  0.4158666E-03
  0.4388104E-01  0.5869309E+01 -0.9998313E+00  0.0000000E+00  0.2808228E-02  0.5081204E+00
 -0.1486428E-05 -0.1608537E-02 -0.2603969E-05 -0.2808228E-02  0.0000000E+00  0.1880106E+01
 -0.1744127E-03 -0.2886262E+00 -0.4158666E-03 -0.5081204E+00 -0.1880106E+01  0.0000000E+00
 
  X-plane 
  cosmu > 1 -> Not stable
 
  Y-plane 
  cosmu > 1 -> Not stable
 
  Z-plane 
  cosmu > 1 -> Not stable
 
  beam sigma matrix (sm) before
  0.1000000E+01  0.0000000E+00  0.0000000E+00  0.0000000E+00  0.0000000E+00  0.0000000E+00
  0.0000000E+00  0.1000000E+01  0.0000000E+00  0.0000000E+00  0.0000000E+00  0.0000000E+00
  0.0000000E+00  0.0000000E+00  0.1000000E+01  0.0000000E+00  0.0000000E+00  0.0000000E+00
  0.0000000E+00  0.0000000E+00  0.0000000E+00  0.1000000E+01  0.0000000E+00  0.0000000E+00
  0.0000000E+00  0.0000000E+00  0.0000000E+00  0.0000000E+00  0.1000000E+01  0.0000000E+00
  0.0000000E+00  0.0000000E+00  0.0000000E+00  0.0000000E+00  0.0000000E+00  0.1000000E+01
 
  beam sigma matrix (sm) after
  0.5043687E+06  0.1269220E+04  0.2360307E+04  0.1458267E+02 -0.1835524E+03 -0.1348017E+01
  0.1269220E+04  0.3193949E+01  0.8664486E+01  0.4354265E-01 -0.5753039E+00 -0.3646608E-02
  0.2360307E+04  0.8664486E+01  0.4992081E+06  0.1254211E+04 -0.3364889E+03 -0.2944869E+01
  0.1458267E+02  0.4354265E-01  0.1254211E+04  0.3151232E+01 -0.1183432E+01 -0.8137060E-02
 -0.1835524E+03 -0.5753039E+00 -0.3364889E+03 -0.1183432E+01  0.1354915E+06  0.2894561E+03
 -0.1348017E+01 -0.3646608E-02 -0.2944869E+01 -0.8137060E-02  0.2894561E+03  0.6184147E+00
 
 
 Charge State:     1.00
 Length of the section    421.1218 cm
 
  nonsymplectic matrix: (cm,rad,cm,rad,rad,rel.u.)
  0.1233587E+00  0.4950816E+03  0.9542904E-01  0.1266374E+03  0.5381571E-03  0.3082892E-02
 -0.1358990E-02  0.1637718E+01 -0.2008835E-03  0.4245226E+00  0.4936227E-06  0.1002927E-03
 -0.6574047E-01 -0.1211238E+03  0.1069223E+00  0.4923475E+03  0.7954545E-02 -0.9994385E-01
  0.3245493E-03 -0.3868943E+00 -0.1419392E-02  0.1621538E+01  0.3498603E-04 -0.5003643E-03
 -0.7683480E-04 -0.1892272E-01  0.1997420E-03  0.6212865E-01  0.6008709E+00 -0.3110558E+02
  0.3553884E-05  0.1561687E-02 -0.9065178E-05 -0.4376468E-02  0.1479710E-01  0.6512042E+00
 
  nonsymplectic matrix after backward rotation 
  0.1363649E+00  0.5094817E+03  0.6370304E-01 -0.8282331E+01 -0.1587811E-02  0.2944279E-01
 -0.1396417E-02  0.1681703E+01  0.1822140E-03 -0.2009932E-01 -0.8790005E-05  0.2292321E-03
 -0.3072149E-01  0.1432320E+02  0.1283784E+00  0.5083055E+03  0.7813018E-02 -0.9555835E-01
 -0.4696706E-04  0.6066890E-01 -0.1421909E-02  0.1676068E+01  0.3386741E-04 -0.4559339E-03
 -0.7683480E-04 -0.1892272E-01  0.1997420E-03  0.6212865E-01  0.6008709E+00 -0.3110558E+02
  0.3553884E-05  0.1561687E-02 -0.9065178E-05 -0.4376468E-02  0.1479710E-01  0.6512042E+00
 
  symplectic matrix after backward rotation
  0.1363649E+00  0.7849197E+03  0.6370304E-01 -0.1275996E+02  0.3972949E-03  0.8340816E-01
 -0.9630057E-03  0.1786733E+01  0.1256595E-03 -0.2135461E-01  0.1516761E-05  0.4478355E-03
 -0.3072149E-01  0.2206667E+02  0.1283784E+00  0.7831076E+03 -0.1954939E-02 -0.2707062E+00
 -0.3238971E-04  0.6445793E-01 -0.9805854E-03  0.1780745E+01 -0.5843996E-05 -0.8907279E-03
  0.3201969E-03  0.1214897E+00 -0.8323933E-03 -0.3988850E+00  0.6265484E+00  0.3672205E+03
  0.1344240E-05  0.9100480E-03 -0.3428861E-05 -0.2550316E-02 -0.1400440E-02  0.6977829E+00
 
  det1, det2, det3=    0.9995297   0.9965131   0.9514650
 
  symplecticity conditions aT*J*a
  0.0000000E+00  0.9982643E+00  0.1127651E-03 -0.4454273E-01 -0.5850014E-06 -0.1102167E-03
 -0.9982643E+00  0.0000000E+00 -0.4510061E-01 -0.5145349E+01 -0.2625988E-03 -0.4913431E-01
 -0.1127651E-03  0.4510061E-01  0.0000000E+00  0.9967569E+00  0.6935358E-06  0.3165652E-03
  0.4454273E-01  0.5145349E+01 -0.9967569E+00  0.0000000E+00  0.1050411E-02  0.4387830E+00
  0.5850014E-06  0.2625988E-03 -0.6935358E-06 -0.1050411E-02  0.0000000E+00  0.9514652E+00
  0.1102167E-03  0.4913431E-01 -0.3165652E-03 -0.4387830E+00 -0.9514652E+00  0.0000000E+00
 
  X-plane 
     cosmu   0.96155     sinmu   0.27463
      muX      15.94   deg
     betX     0.18551E+04  cm/rad
    alphX    -0.30047E+01
 
  Y-plane 
     cosmu   0.95456     sinmu   0.29801
      muY      17.34   deg
     betY     0.17056E+04  cm/rad
    alphY    -0.27723E+01
 
  Z-plane 
     cosmu   0.66217     sinmu   0.74936
      muZ      48.53   deg
     betZ     0.24800E+02   deg/%
    alphZ    -0.47530E-01
 
  beam sigma matrix (sm) before
  0.2858055E+04  0.3004665E+01  0.0000000E+00  0.0000000E+00  0.0000000E+00  0.0000000E+00
  0.3004665E+01  0.3506503E-02  0.0000000E+00  0.0000000E+00  0.0000000E+00  0.0000000E+00
  0.0000000E+00  0.0000000E+00  0.2627763E+04  0.2772307E+01  0.0000000E+00  0.0000000E+00
  0.0000000E+00  0.0000000E+00  0.2772307E+01  0.3290412E-02  0.0000000E+00  0.0000000E+00
  0.0000000E+00  0.0000000E+00  0.0000000E+00  0.0000000E+00  0.4900472E+03  0.4753037E-01
  0.0000000E+00  0.0000000E+00  0.0000000E+00  0.0000000E+00  0.4753037E-01  0.1868854E-02
 
  beam sigma matrix (sm) after
  0.2863404E+04  0.3016968E+01  0.1077178E+03  0.2250691E+00  0.1289162E+01  0.5619538E-02
  0.3016968E+01  0.3532971E-02  0.2465999E+00  0.3620744E-03  0.1723671E-02  0.4510298E-05
  0.1077178E+03  0.2465999E+00  0.2618934E+04  0.2762380E+01 -0.4094638E+01 -0.1518070E-01
  0.2250691E+00  0.3620744E-03  0.2762380E+01  0.3283978E-02 -0.5703468E-02 -0.1313492E-04
  0.1289162E+01  0.1723671E-02 -0.4094638E+01 -0.5703468E-02  0.4662675E+03  0.4524699E-01
  0.5619538E-02  0.4510298E-05 -0.1518070E-01 -0.1313492E-04  0.4524699E-01  0.1778265E-02
 
 
 Charge State:     1.00
 Length of the section    362.3800 cm
 
  nonsymplectic matrix: (cm,rad,cm,rad,rad,rel.u.)
  0.3775375E+00  0.3872292E+03  0.1277908E+00  0.8599998E+02 -0.2889909E-02  0.2997206E-01
 -0.9320002E-03  0.1397618E+01 -0.1332646E-03  0.3105581E+00 -0.1619089E-04  0.2528772E-03
 -0.1176318E+00 -0.8456519E+02  0.3703531E+00  0.3865424E+03  0.2773414E-02 -0.3860673E-01
  0.1845758E-03 -0.2995143E+00 -0.9641622E-03  0.1393088E+01  0.1712093E-04 -0.3078920E-03
 -0.1669192E-03 -0.3011860E-01  0.4854978E-04  0.2177491E-01  0.6132591E+00 -0.2503252E+02
  0.9235741E-05  0.3061219E-02 -0.5556451E-05 -0.3201621E-02  0.2298528E-01  0.5059624E+00
 
  nonsymplectic matrix after backward rotation 
  0.3945753E+00  0.3962687E+03  0.3767479E-01 -0.6742633E+01 -0.3458165E-02  0.3816651E-01
 -0.9493248E-03  0.1428910E+01  0.9581450E-04 -0.2370082E-01 -0.1974455E-04  0.3178450E-03
 -0.2611781E-01  0.8298237E+01  0.3899647E+00  0.3959363E+03  0.2021014E-02 -0.3053066E-01
 -0.3840669E-04  0.3549746E-01 -0.9686009E-03  0.1427088E+01  0.1286171E-04 -0.2402476E-03
 -0.1669192E-03 -0.3011860E-01  0.4854978E-04  0.2177491E-01  0.6132591E+00 -0.2503252E+02
  0.9235741E-05  0.3061219E-02 -0.5556451E-05 -0.3201621E-02  0.2298528E-01  0.5059624E+00
 
  symplectic matrix after backward rotation
  0.3945753E+00  0.5746140E+03  0.3767479E-01 -0.9777232E+01  0.8298251E-03  0.1009041E+00
 -0.6965066E-03  0.1520203E+01  0.7029778E-04 -0.2521506E-01  0.3476150E-05  0.6165271E-03
 -0.2611781E-01  0.1203295E+02  0.3899647E+00  0.5741319E+03 -0.4849647E-03 -0.8071655E-01
 -0.2817846E-04  0.3776539E-01 -0.7106492E-03  0.1518264E+01 -0.2264384E-05 -0.4660107E-03
  0.7248102E-03  0.1896440E+00 -0.2108168E-03 -0.1371074E+00  0.6390029E+00  0.2873750E+03
  0.3751454E-05  0.1803054E-02 -0.2256968E-05 -0.1885750E-02 -0.2240364E-02  0.5433411E+00
 
  det1, det2, det3=    1.0000570   1.0000759   0.9910210
 
  symplecticity conditions aT*J*a
  0.0000000E+00  0.9994103E+00  0.8352686E-04 -0.4023558E-01 -0.2025972E-05 -0.3608114E-03
 -0.9994103E+00  0.0000000E+00 -0.4015767E-01 -0.3038774E+01 -0.8500188E-03 -0.2168000E+00
 -0.8352686E-04  0.4015767E-01  0.0000000E+00  0.9998134E+00  0.7594741E-06  0.3110959E-03
  0.4023558E-01  0.3038774E+01 -0.9998134E+00  0.0000000E+00  0.9353569E-03  0.3189352E+00
  0.2025972E-05  0.8500188E-03 -0.7594741E-06 -0.9353569E-03  0.0000000E+00  0.9910212E+00
  0.3608114E-03  0.2168000E+00 -0.3110959E-03 -0.3189352E+00 -0.9910212E+00  0.0000000E+00
 
  X-plane 
     cosmu   0.95739     sinmu   0.28880
      muX      16.79   deg
     betX     0.13721E+04  cm/rad
    alphX    -0.19488E+01
 
  Y-plane 
     cosmu   0.95411     sinmu   0.29944
      muY      17.42   deg
     betY     0.13222E+04  cm/rad
    alphY    -0.18840E+01
 
  Z-plane 
     cosmu   0.59117     sinmu   0.80655
      muZ      53.76   deg
     betZ     0.18529E+02   deg/%
    alphZ     0.59303E-01
 
  beam sigma matrix (sm) before
  0.1989655E+04  0.1948797E+01  0.0000000E+00  0.0000000E+00  0.0000000E+00  0.0000000E+00
  0.1948797E+01  0.2411720E-02  0.0000000E+00  0.0000000E+00  0.0000000E+00  0.0000000E+00
  0.0000000E+00  0.0000000E+00  0.1917340E+04  0.1884004E+01  0.0000000E+00  0.0000000E+00
  0.0000000E+00  0.0000000E+00  0.1884004E+01  0.2373246E-02  0.0000000E+00  0.0000000E+00
  0.0000000E+00  0.0000000E+00  0.0000000E+00  0.0000000E+00  0.3563035E+03 -0.5930341E-01
  0.0000000E+00  0.0000000E+00  0.0000000E+00  0.0000000E+00 -0.5930341E-01  0.2777728E-02
 
  beam sigma matrix (sm) after
  0.1991329E+04  0.1951487E+01  0.2459227E+02  0.6199049E-01  0.2022928E+01  0.1029619E-01
  0.1951487E+01  0.2416168E-02  0.6231911E-01  0.9096510E-04  0.2753360E-02  0.7869982E-05
  0.2459227E+02  0.6231911E-01  0.1917967E+04  0.1884125E+01 -0.8615509E+00 -0.7959923E-02
  0.6199049E-01  0.9096510E-04  0.1884125E+01  0.2374300E-02 -0.1437963E-02 -0.6404377E-05
  0.2022928E+01  0.2753360E-02 -0.8615509E+00 -0.1437963E-02  0.3531061E+03 -0.5875790E-01
  0.1029619E-01  0.7869982E-05 -0.7959923E-02 -0.6404377E-05 -0.5875790E-01  0.2752883E-02
 
 
 Charge State:     1.00
 Length of the section    421.1218 cm
 
  nonsymplectic matrix: (cm,rad,cm,rad,rad,rel.u.)
  0.3176748E+00  0.4762411E+03  0.1130732E+00  0.1034445E+03 -0.9075015E-03  0.6242721E-02
 -0.8278533E-03  0.1558745E+01 -0.1110218E-03  0.3373668E+00 -0.4108163E-05  0.2117301E-04
 -0.1083970E+00 -0.1034232E+03  0.3142199E+00  0.4772317E+03  0.3180560E-02 -0.2303489E-01
  0.1251224E-03 -0.3380331E+00 -0.8311596E-03  0.1569989E+01  0.1341308E-04 -0.9743969E-04
 -0.1711404E-03 -0.3826726E-01  0.6187992E-04  0.2490527E-01  0.5893249E+00 -0.2662812E+02
  0.8610856E-05  0.2860639E-02 -0.4194830E-05 -0.2311877E-02  0.1983499E-01  0.5922581E+00
 
  nonsymplectic matrix after backward rotation 
  0.3341070E+00  0.4872558E+03  0.3759129E-01 -0.9356797E+01 -0.1616266E-02  0.1138476E-01
 -0.8343999E-03  0.1594687E+01  0.8357377E-04 -0.3364567E-01 -0.7089600E-05  0.4306528E-04
 -0.3224461E-01  0.9149142E+01  0.3318231E+00  0.4882247E+03  0.2885690E-02 -0.2097534E-01
 -0.6909076E-04  0.3040541E-01 -0.8343666E-03  0.1605475E+01  0.1210477E-04 -0.8993426E-04
 -0.1711404E-03 -0.3826726E-01  0.6187992E-04  0.2490527E-01  0.5893249E+00 -0.2662812E+02
  0.8610856E-05  0.2860639E-02 -0.4194830E-05 -0.2311877E-02  0.1983499E-01  0.5922581E+00
 
  symplectic matrix after backward rotation
  0.3341070E+00  0.6641201E+03  0.3759129E-01 -0.1275313E+02  0.3722158E-03  0.2802824E-01
 -0.6503184E-03  0.1694014E+01  0.6513610E-04 -0.3574132E-01  0.1272493E-05  0.8263255E-04
 -0.3224461E-01  0.1247010E+02  0.3318231E+00  0.6654407E+03 -0.6645561E-03 -0.5163939E-01
 -0.5384827E-04  0.3229924E-01 -0.6502924E-03  0.1705473E+01 -0.2172653E-05 -0.1725635E-03
  0.7722616E-03  0.2353579E+00 -0.2792297E-03 -0.1531767E+00  0.6124190E+00  0.2958179E+03
  0.3751902E-05  0.1698861E-02 -0.1827761E-05 -0.1372965E-02 -0.1990303E-02  0.6353137E+00
 
  det1, det2, det3=    0.9978713   0.9986463   0.9778455
 
  symplecticity conditions aT*J*a
  0.0000000E+00  0.9975017E+00  0.8504489E-04 -0.3939499E-01 -0.3133292E-05 -0.5706325E-03
 -0.9975017E+00  0.0000000E+00 -0.3924875E-01 -0.2358422E+01 -0.1299927E-02 -0.3461137E+00
 -0.8504489E-04  0.3924875E-01  0.0000000E+00  0.9981335E+00  0.5456054E-06  0.2737255E-03
  0.3939499E-01  0.2358422E+01 -0.9981335E+00  0.0000000E+00  0.8303841E-03  0.2820191E+00
  0.3133292E-05  0.1299927E-02 -0.5456054E-06 -0.8303841E-03  0.0000000E+00  0.9778455E+00
  0.5706325E-03  0.3461137E+00 -0.2737255E-03 -0.2820191E+00 -0.9778455E+00  0.0000000E+00
 
  X-plane 
  cosmu > 1 -> Not stable
 
  Y-plane 
  cosmu > 1 -> Not stable
 
  Z-plane 
     cosmu   0.62387     sinmu   0.78153
      muZ      51.40   deg
     betZ     0.20287E+02   deg/%
    alphZ    -0.14647E-01
 
  beam sigma matrix (sm) before
  0.1000000E+01  0.0000000E+00  0.0000000E+00  0.0000000E+00  0.0000000E+00  0.0000000E+00
  0.0000000E+00  0.1000000E+01  0.0000000E+00  0.0000000E+00  0.0000000E+00  0.0000000E+00
  0.0000000E+00  0.0000000E+00  0.1000000E+01  0.0000000E+00  0.0000000E+00  0.0000000E+00
  0.0000000E+00  0.0000000E+00  0.0000000E+00  0.1000000E+01  0.0000000E+00  0.0000000E+00
  0.0000000E+00  0.0000000E+00  0.0000000E+00  0.0000000E+00  0.3785108E+03  0.1464730E-01
  0.0000000E+00  0.0000000E+00  0.0000000E+00  0.0000000E+00  0.1464730E-01  0.2546672E-02
 
  beam sigma matrix (sm) after
  0.4412183E+06  0.1125484E+04 -0.2048057E+03 -0.2995898E+00  0.1583689E+03  0.1145526E+01
  0.1125484E+04  0.2870960E+01 -0.2659166E+01 -0.6240518E-02  0.4045372E+00  0.2926147E-02
 -0.2048057E+03 -0.2659166E+01  0.4429669E+06  0.1135294E+04 -0.9919147E+02 -0.8920301E+00
 -0.2995898E+00 -0.6240518E-02  0.1135294E+04  0.2909681E+01 -0.2542812E+00 -0.2285339E-02
  0.1583689E+03  0.4045372E+00 -0.9919147E+02 -0.2542812E+00  0.3702039E+03  0.1493295E-01
  0.1145526E+01  0.2926147E-02 -0.8920301E+00 -0.2285339E-02  0.1493295E-01  0.2495023E-02
 
 
 Charge State:     1.00
 Length of the section    362.3800 cm
 
  nonsymplectic matrix: (cm,rad,cm,rad,rad,rel.u.)
  0.4703637E+00  0.3875665E+03  0.1353914E+00  0.7975393E+02 -0.1184392E-02  0.1380121E-01
 -0.6018774E-03  0.1418195E+01 -0.7162286E-04  0.2895999E+00 -0.8394311E-05  0.1452974E-03
 -0.1371486E+00 -0.8012481E+02  0.4825151E+00  0.3895019E+03  0.2231594E-02 -0.2681484E-01
  0.5856262E-04 -0.2933035E+00 -0.5344566E-03  0.1435045E+01  0.1540738E-04 -0.2561713E-03
 -0.1485051E-03 -0.3016753E-01  0.4620527E-04  0.1627468E-01  0.7652877E+00 -0.2304963E+02
  0.1103972E-04  0.3809025E-02 -0.5314037E-05 -0.2599778E-02  0.1995211E-01  0.5736837E+00
 
  nonsymplectic matrix after backward rotation 
  0.4889717E+00  0.3957076E+03  0.2658695E-01 -0.7361490E+01 -0.1643774E-02  0.1933156E-01
 -0.6001148E-03  0.1448009E+01  0.4699756E-04 -0.3125758E-01 -0.1156072E-04  0.1978051E-03
 -0.3095910E-01  0.6576322E+01  0.5004446E+00  0.3975151E+03  0.1918543E-02 -0.2314735E-01
 -0.7448668E-04  0.2395863E-01 -0.5371824E-03  0.1463641E+01  0.1319855E-04 -0.2181930E-03
 -0.1485051E-03 -0.3016753E-01  0.4620527E-04  0.1627468E-01  0.7652877E+00 -0.2304963E+02
  0.1103972E-04  0.3809025E-02 -0.5314037E-05 -0.2599778E-02  0.1995211E-01  0.5736837E+00
 
  symplectic matrix after backward rotation
  0.4889717E+00  0.5077181E+03  0.2658695E-01 -0.9445261E+01  0.3642757E-03  0.4436718E-01
 -0.4951780E-03  0.1533016E+01  0.3877951E-04 -0.3309258E-01  0.2113976E-05  0.3745928E-03
 -0.3095910E-01  0.8437840E+01  0.5004446E+00  0.5100372E+03 -0.4251671E-03 -0.5312466E-01
 -0.6146186E-04  0.2536514E-01 -0.4432501E-03  0.1549565E+01 -0.2413467E-05 -0.4132024E-03
  0.6937947E-03  0.1808329E+00 -0.2158644E-03 -0.9755515E-01  0.7923232E+00  0.2471430E+03
  0.5142660E-05  0.2276627E-02 -0.2475451E-05 -0.1553869E-02 -0.2059713E-02  0.6133343E+00
 
  det1, det2, det3=    1.0010123   1.0015455   0.9950026
 
  symplecticity conditions aT*J*a
  0.0000000E+00  0.1000746E+01  0.7660763E-04 -0.3748430E-01 -0.4241024E-05 -0.6307821E-03
 -0.1000746E+01  0.0000000E+00 -0.3750304E-01 -0.2184205E+01 -0.1671005E-02 -0.3317085E+00
 -0.7660763E-04  0.3750304E-01  0.0000000E+00  0.1001032E+01  0.1051792E-05  0.2572997E-03
  0.3748430E-01  0.2184205E+01 -0.1001032E+01  0.0000000E+00  0.8520561E-03  0.1936955E+00
  0.4241024E-05  0.1671005E-02 -0.1051792E-05 -0.8520561E-03  0.0000000E+00  0.9950027E+00
  0.6307821E-03  0.3317085E+00 -0.2572997E-03 -0.1936955E+00 -0.9950027E+00  0.0000000E+00
 
  X-plane 
  cosmu > 1 -> Not stable
 
  Y-plane 
  cosmu > 1 -> Not stable
 
  Z-plane 
     cosmu   0.70283     sinmu   0.71136
      muZ      45.35   deg
     betZ     0.19221E+02   deg/%
    alphZ     0.12581E+00
 
  beam sigma matrix (sm) before
  0.1000000E+01  0.0000000E+00  0.0000000E+00  0.0000000E+00  0.0000000E+00  0.0000000E+00
  0.0000000E+00  0.1000000E+01  0.0000000E+00  0.0000000E+00  0.0000000E+00  0.0000000E+00
  0.0000000E+00  0.0000000E+00  0.1000000E+01  0.0000000E+00  0.0000000E+00  0.0000000E+00
  0.0000000E+00  0.0000000E+00  0.0000000E+00  0.1000000E+01  0.0000000E+00  0.0000000E+00
  0.0000000E+00  0.0000000E+00  0.0000000E+00  0.0000000E+00  0.3474236E+03 -0.1258077E+00
  0.0000000E+00  0.0000000E+00  0.0000000E+00  0.0000000E+00 -0.1258077E+00  0.2895462E-02
 
  beam sigma matrix (sm) after
  0.2578672E+06  0.7786523E+03 -0.5333917E+03 -0.1757749E+01  0.9285019E+02  0.1170366E+01
  0.7786523E+03  0.2351233E+01 -0.3943066E+01 -0.1239393E-01  0.2811946E+00  0.3540611E-02
 -0.5333917E+03 -0.3943066E+01  0.2602094E+06  0.7905496E+03 -0.4836758E+02 -0.7730935E+00
 -0.1757749E+01 -0.1239393E-01  0.7905496E+03  0.2401796E+01 -0.1474250E+00 -0.2349001E-02
  0.9285019E+02  0.2811946E+00 -0.4836758E+02 -0.1474250E+00  0.3457296E+03 -0.1246157E+00
  0.1170366E+01  0.3540611E-02 -0.7730935E+00 -0.2349001E-02 -0.1246157E+00  0.2888590E-02
 
 
 Charge State:     1.00
 Length of the section    421.1218 cm
 
  nonsymplectic matrix: (cm,rad,cm,rad,rad,rel.u.)
  0.4126182E+00  0.4620344E+03  0.1208779E+00  0.9204819E+02 -0.8430586E-03  0.4329040E-02
 -0.6739324E-03  0.1441097E+01 -0.8940554E-04  0.2836509E+00 -0.3106240E-05  0.3942421E-05
 -0.1220307E+00 -0.9271271E+02  0.4260357E+00  0.4638566E+03  0.3976139E-02 -0.3342400E-01
  0.7789457E-04 -0.2907741E+00 -0.6214814E-03  0.1449895E+01  0.1704205E-04 -0.1749956E-03
 -0.1765438E-03 -0.3820527E-01  0.8680466E-04  0.2300922E-01  0.7085140E+00 -0.2420890E+02
  0.1032287E-04  0.3308119E-02 -0.5546958E-05 -0.2159846E-02  0.1926925E-01  0.6185379E+00
 
  nonsymplectic matrix after backward rotation 
  0.4291315E+00  0.4711821E+03  0.2750621E-01 -0.8707440E+01 -0.1669391E-02  0.1133840E-01
 -0.6750812E-03  0.1469969E+01  0.4481219E-04 -0.3119195E-01 -0.6659568E-05  0.4106911E-04
 -0.3148625E-01  0.7670584E+01  0.4419969E+00  0.4728213E+03  0.3705882E-02 -0.3173870E-01
 -0.6721477E-04  0.2236047E-01 -0.6262781E-03  0.1477051E+01  0.1599157E-04 -0.1701539E-03
 -0.1765438E-03 -0.3820527E-01  0.8680466E-04  0.2300922E-01  0.7085140E+00 -0.2420890E+02
  0.1032287E-04  0.3308119E-02 -0.5546958E-05 -0.2159846E-02  0.1926925E-01  0.6185379E+00
 
  symplectic matrix after backward rotation
  0.4291315E+00  0.5710337E+03  0.2750621E-01 -0.1055270E+02  0.3573291E-03  0.2434007E-01
 -0.5872368E-03  0.1549667E+01  0.3898104E-04 -0.3288309E-01  0.1239977E-05  0.7669069E-04
 -0.3148625E-01  0.9296113E+01  0.4419969E+00  0.5730203E+03 -0.7932355E-03 -0.6813329E-01
 -0.5846850E-04  0.2357279E-01 -0.5447842E-03  0.1557133E+01 -0.2977549E-05 -0.3177380E-03
  0.8505314E-03  0.2230664E+00 -0.4181970E-03 -0.1343423E+00  0.7306289E+00  0.2503705E+03
  0.5118077E-05  0.1987745E-02 -0.2750181E-05 -0.1297783E-02 -0.2044946E-02  0.6583288E+00
 
  det1, det2, det3=    1.0003430   1.0004205   0.9929883
 
  symplecticity conditions aT*J*a
  0.0000000E+00  0.1000145E+01  0.7587656E-04 -0.3583317E-01 -0.4689383E-05 -0.6682616E-03
 -0.1000145E+01  0.0000000E+00 -0.3584924E-01 -0.1456616E+01 -0.1763116E-02 -0.3460952E+00
 -0.7587656E-04  0.3584924E-01  0.0000000E+00  0.9999275E+00  0.1136521E-05  0.2368567E-03
  0.3583317E-01  0.1456616E+01 -0.9999275E+00  0.0000000E+00  0.7505630E-03  0.1604986E+00
  0.4689383E-05  0.1763116E-02 -0.1136521E-05 -0.7505630E-03  0.0000000E+00  0.9929883E+00
  0.6682616E-03  0.3460952E+00 -0.2368567E-03 -0.1604986E+00 -0.9929883E+00  0.0000000E+00
 
  X-plane 
     cosmu   0.98940     sinmu   0.14522
      muX       8.35   deg
     betX     0.32446E+04  cm/rad
    alphX    -0.38580E+01
 
  Y-plane 
     cosmu   0.99957     sinmu   0.02949
      muY       1.69   deg
     betY     0.16034E+05  cm/rad
    alphY    -0.18908E+02
 
  Z-plane 
     cosmu   0.69448     sinmu   0.71951
      muZ      46.01   deg
     betZ     0.19880E+02   deg/%
    alphZ     0.50242E-01
 
  beam sigma matrix (sm) before
  0.3932179E+04  0.3858044E+01  0.0000000E+00  0.0000000E+00  0.0000000E+00  0.0000000E+00
  0.3858044E+01  0.4043755E-02  0.0000000E+00  0.0000000E+00  0.0000000E+00  0.0000000E+00
  0.0000000E+00  0.0000000E+00  0.1943174E+05  0.1890774E+02  0.0000000E+00  0.0000000E+00
  0.0000000E+00  0.0000000E+00  0.1890774E+02  0.1847422E-01  0.0000000E+00  0.0000000E+00
  0.0000000E+00  0.0000000E+00  0.0000000E+00  0.0000000E+00  0.3479721E+03 -0.5024236E-01
  0.0000000E+00  0.0000000E+00  0.0000000E+00  0.0000000E+00 -0.5024236E-01  0.2842125E-02
 
  beam sigma matrix (sm) after
  0.3939311E+04  0.3861734E+01  0.2487178E+03  0.1897706E+00  0.4112405E+01  0.2623151E-01
  0.3861734E+01  0.4046173E-02  0.5587830E-01  0.7549077E-05  0.4290787E-02  0.2542046E-04
  0.2487178E+03  0.5587830E-01  0.1944190E+05  0.1891885E+02 -0.1099883E+02 -0.7816245E-01
  0.1897706E+00  0.7549077E-05  0.1891885E+02  0.1848704E-01 -0.1144745E-01 -0.7520191E-04
  0.4112405E+01  0.4290787E-02 -0.1099883E+02 -0.1144745E-01  0.3455426E+03 -0.4981742E-01
  0.2623151E-01  0.2542046E-04 -0.7816245E-01 -0.7520191E-04 -0.4981742E-01  0.2822707E-02
 
 
 Charge State:     1.00
 Length of the section    362.3800 cm
 
  nonsymplectic matrix: (cm,rad,cm,rad,rad,rel.u.)
  0.5519655E+00  0.3788347E+03  0.1325702E+00  0.6960417E+02  0.7437310E-04  0.1564643E-02
 -0.4351037E-03  0.1345402E+01 -0.6177046E-04  0.2425911E+00 -0.1283110E-05  0.3367061E-04
 -0.1395126E+00 -0.7061579E+02  0.5515342E+00  0.3785064E+03  0.1022223E-02 -0.1027241E-01
  0.2321662E-04 -0.2513977E+00 -0.4430215E-03  0.1341298E+01  0.5981919E-05 -0.5286593E-04
 -0.1257545E-03 -0.2530073E-01  0.3996124E-04  0.1093045E-01  0.7755759E+00 -0.2014956E+02
  0.1136078E-04  0.3754880E-02 -0.4157366E-05 -0.1634346E-02  0.2377412E-01  0.5485012E+00
 
  nonsymplectic matrix after backward rotation 
  0.5686483E+00  0.3853191E+03  0.2100782E-01 -0.6537535E+01 -0.1290224E-03  0.3563024E-02
 -0.4311161E-03  0.1368552E+01  0.2696119E-04 -0.2714915E-01 -0.2439494E-05  0.4345026E-04
 -0.2772819E-01  0.5610690E+01  0.5668541E+00  0.3847975E+03  0.1016772E-02 -0.9760913E-02
 -0.6319124E-04  0.1932683E-01 -0.4464938E-03  0.1362789E+01  0.5610579E-05 -0.4517291E-04
 -0.1257545E-03 -0.2530073E-01  0.3996124E-04  0.1093045E-01  0.7755759E+00 -0.2014956E+02
  0.1136078E-04  0.3754880E-02 -0.4157366E-05 -0.1634346E-02  0.2377412E-01  0.5485012E+00
 
  symplectic matrix after backward rotation
  0.5686483E+00  0.4429588E+03  0.2100782E-01 -0.7515481E+01  0.2678103E-04  0.7186415E-02
 -0.3972402E-03  0.1449649E+01  0.2484265E-04 -0.2875795E-01  0.4665742E-06  0.8075042E-04
 -0.2772819E-01  0.6449990E+01  0.5668541E+00  0.4423592E+03 -0.2110501E-03 -0.1968720E-01
 -0.5822584E-04  0.2047209E-01 -0.4114095E-03  0.1443545E+01 -0.1073071E-05 -0.8395189E-04
  0.6255171E-03  0.1446743E+00 -0.1987717E-03 -0.6250237E-01  0.8007593E+00  0.2021505E+03
  0.6032054E-05  0.2291901E-02 -0.2207370E-05 -0.9975704E-03 -0.2620134E-02  0.5873921E+00
 
  det1, det2, det3=    1.0003015   1.0002700   1.0000211
 
  symplecticity conditions aT*J*a
  0.0000000E+00  0.1000110E+01  0.6688489E-04 -0.3360901E-01 -0.6175741E-05 -0.8020039E-03
 -0.1000110E+01  0.0000000E+00 -0.3370785E-01 -0.1588947E+01 -0.2049078E-02 -0.3531154E+00
 -0.6688489E-04  0.3370785E-01  0.0000000E+00  0.9998526E+00  0.1602414E-05  0.2752939E-03
  0.3360901E-01  0.1588947E+01 -0.9998526E+00  0.0000000E+00  0.7898194E-03  0.1558282E+00
  0.6175741E-05  0.2049078E-02 -0.1602414E-05 -0.7898194E-03  0.0000000E+00  0.1000021E+01
  0.8020039E-03  0.3531154E+00 -0.2752939E-03 -0.1558282E+00 -0.1000021E+01  0.0000000E+00
 
  X-plane 
  cosmu > 1 -> Not stable
 
  Y-plane 
  cosmu > 1 -> Not stable
 
  Z-plane 
     cosmu   0.69408     sinmu   0.71990
      muZ      46.05   deg
     betZ     0.16557E+02   deg/%
    alphZ     0.14819E+00
 
  beam sigma matrix (sm) before
  0.1000000E+01  0.0000000E+00  0.0000000E+00  0.0000000E+00  0.0000000E+00  0.0000000E+00
  0.0000000E+00  0.1000000E+01  0.0000000E+00  0.0000000E+00  0.0000000E+00  0.0000000E+00
  0.0000000E+00  0.0000000E+00  0.1000000E+01  0.0000000E+00  0.0000000E+00  0.0000000E+00
  0.0000000E+00  0.0000000E+00  0.0000000E+00  0.1000000E+01  0.0000000E+00  0.0000000E+00
  0.0000000E+00  0.0000000E+00  0.0000000E+00  0.0000000E+00  0.2808028E+03 -0.1481919E+00
  0.0000000E+00  0.0000000E+00  0.0000000E+00  0.0000000E+00 -0.1481919E+00  0.3639571E-02
 
  beam sigma matrix (sm) after
  0.1962693E+06  0.6423508E+03 -0.4674661E+03 -0.1780681E+01  0.6456451E+02  0.1022714E+01
  0.6423508E+03  0.2102310E+01 -0.3371095E+01 -0.1183602E-01  0.2116650E+00  0.3350958E-02
 -0.4674661E+03 -0.3371095E+01  0.1957236E+06  0.6386971E+03 -0.2676876E+02 -0.4263792E+00
 -0.1780681E+01 -0.1183602E-01  0.6386971E+03  0.2084241E+01 -0.8752409E-01 -0.1392446E-02
  0.6456451E+02  0.2116650E+00 -0.2676876E+02 -0.8752409E-01  0.2808335E+03 -0.1478011E+00
  0.1022714E+01  0.3350958E-02 -0.4263792E+00 -0.1392446E-02 -0.1478011E+00  0.3645895E-02
 
 
 Charge State:     1.00
 Length of the section    421.1218 cm
 
  nonsymplectic matrix: (cm,rad,cm,rad,rad,rel.u.)
  0.4903432E+00  0.4492264E+03  0.1137999E+00  0.8026793E+02 -0.1215084E-02  0.9882648E-02
 -0.5750864E-03  0.1337331E+01 -0.1120164E-03  0.2309350E+00 -0.5976127E-05  0.5379465E-04
 -0.1321373E+00 -0.8283492E+02  0.4945872E+00  0.4499453E+03  0.9509466E-03 -0.9030677E-02
  0.2805030E-04 -0.2528258E+00 -0.5538002E-03  0.1343857E+01  0.3816927E-05  0.1730195E-04
 -0.1622717E-03 -0.3567233E-01  0.4521922E-04  0.1355953E-01  0.7629212E+00 -0.2152125E+02
  0.1164852E-04  0.3686191E-02 -0.3358928E-05 -0.1181901E-02  0.1993797E-01  0.6354550E+00
 
  nonsymplectic matrix after backward rotation 
  0.5066600E+00  0.4567621E+03  0.1571765E-01 -0.8519685E+01 -0.1376442E-02  0.1144644E-01
 -0.5696073E-03  0.1360973E+01 -0.2484123E-05 -0.3408090E-01 -0.6602923E-05  0.4941766E-04
 -0.3452994E-01  0.5862006E+01  0.5072670E+00  0.4569695E+03  0.6972343E-03 -0.6942544E-02
 -0.8401605E-04  0.1134003E-01 -0.5650099E-03  0.1363129E+01  0.2585429E-05  0.2740651E-04
 -0.1622717E-03 -0.3567233E-01  0.4521922E-04  0.1355953E-01  0.7629212E+00 -0.2152125E+02
  0.1164852E-04  0.3686191E-02 -0.3358928E-05 -0.1181901E-02  0.1993797E-01  0.6354550E+00
 
  symplectic matrix after backward rotation
  0.5066600E+00  0.4957140E+03  0.1571765E-01 -0.9246229E+01  0.2767211E-03  0.2155825E-01
 -0.5526308E-03  0.1433013E+01 -0.2410087E-05 -0.3588490E-01  0.1287894E-05  0.9029938E-04
 -0.3452994E-01  0.6361908E+01  0.5072670E+00  0.4959391E+03 -0.1401726E-03 -0.1307560E-01
 -0.8151204E-04  0.1194029E-01 -0.5481704E-03  0.1435284E+01 -0.5042856E-06  0.5007908E-04
  0.8294412E-03  0.1978862E+00 -0.2311351E-03 -0.7521916E-01  0.7839836E+00  0.2071827E+03
  0.6579269E-05  0.2259570E-02 -0.1897175E-05 -0.7244843E-03 -0.2263977E-02  0.6759814E+00
 
  det1, det2, det3=    0.9999970   0.9999312   0.9990152
 
  symplecticity conditions aT*J*a
  0.0000000E+00  0.1000104E+01  0.6774157E-04 -0.3242655E-01 -0.6224439E-05 -0.7475541E-03
 -0.1000104E+01  0.0000000E+00 -0.3326248E-01 -0.1329171E+01 -0.1979128E-02 -0.3200322E+00
 -0.6774157E-04  0.3326248E-01  0.0000000E+00  0.9993450E+00  0.1698903E-05  0.2565259E-03
  0.3242655E-01  0.1329171E+01 -0.9993450E+00  0.0000000E+00  0.6873927E-03  0.1427959E+00
  0.6224439E-05  0.1979128E-02 -0.1698903E-05 -0.6873927E-03  0.0000000E+00  0.9990152E+00
  0.7475541E-03  0.3200322E+00 -0.2565259E-03 -0.1427959E+00 -0.9990152E+00  0.0000000E+00
 
  X-plane 
     cosmu   0.96984     sinmu   0.24376
      muX      14.11   deg
     betX     0.18738E+04  cm/rad
    alphX    -0.19002E+01
 
  Y-plane 
     cosmu   0.97128     sinmu   0.23796
      muY      13.77   deg
     betY     0.19204E+04  cm/rad
    alphY    -0.19500E+01
 
  Z-plane 
     cosmu   0.72998     sinmu   0.68347
      muZ      43.12   deg
     betZ     0.18540E+02   deg/%
    alphZ     0.79011E-01
 
  beam sigma matrix (sm) before
  0.2033640E+04  0.1900156E+01  0.0000000E+00  0.0000000E+00  0.0000000E+00  0.0000000E+00
  0.1900156E+01  0.2267138E-02  0.0000000E+00  0.0000000E+00  0.0000000E+00  0.0000000E+00
  0.0000000E+00  0.0000000E+00  0.2084142E+04  0.1949956E+01  0.0000000E+00  0.0000000E+00
  0.0000000E+00  0.0000000E+00  0.1949956E+01  0.2303640E-02  0.0000000E+00  0.0000000E+00
  0.0000000E+00  0.0000000E+00  0.0000000E+00  0.0000000E+00  0.3031354E+03 -0.7901070E-01
  0.0000000E+00  0.0000000E+00  0.0000000E+00  0.0000000E+00 -0.7901070E-01  0.3312495E-02
 
  beam sigma matrix (sm) after
  0.2033779E+04  0.1899779E+01 -0.4272119E+02 -0.1305070E+00  0.2119397E+01  0.1750378E-01
  0.1899779E+01  0.2270447E-02 -0.1225999E+00 -0.1883750E-03  0.2126732E-02  0.1496038E-04
 -0.4272119E+02 -0.1225999E+00  0.2085681E+04  0.1953949E+01 -0.7257484E+00 -0.5810795E-02
 -0.1305070E+00 -0.1883750E-03  0.1953949E+01  0.2313618E-02 -0.7754144E-03 -0.5499293E-05
  0.2119397E+01  0.2126732E-02 -0.7257484E+00 -0.7754144E-03  0.3028392E+03 -0.7891310E-01
  0.1750378E-01  0.1496038E-04 -0.5810795E-02 -0.5499293E-05 -0.7891310E-01  0.3309403E-02
 
 
 Charge State:     1.00
 Length of the section    362.3800 cm
 
  nonsymplectic matrix: (cm,rad,cm,rad,rad,rel.u.)
  0.5862825E+00  0.3673629E+03  0.1221533E+00  0.6062311E+02 -0.1124815E-02  0.7943715E-02
 -0.5668812E-03  0.1221866E+01 -0.9024601E-04  0.1993957E+00 -0.6482659E-05  0.6360151E-04
 -0.1305449E+00 -0.6127706E+02  0.5921013E+00  0.3681324E+03  0.5186207E-03 -0.6675735E-02
  0.5435158E-04 -0.2033238E+00 -0.5393117E-03  0.1226886E+01  0.2965768E-05 -0.3864020E-04
 -0.1111901E-03 -0.1999208E-01  0.3437020E-04  0.7776550E-02  0.8663493E+00 -0.1852411E+02
  0.1114206E-04  0.3282627E-02 -0.3557798E-05 -0.1119963E-02  0.1962442E-01  0.6470699E+00
 
  nonsymplectic matrix after backward rotation 
  0.6001435E+00  0.3724064E+03  0.1514065E-01 -0.5667615E+01 -0.1198996E-02  0.9002305E-02
 -0.5675290E-03  0.1238554E+01  0.6892247E-05 -0.2149147E-01 -0.6906071E-05  0.6944910E-04
 -0.2443158E-01  0.4887496E+01  0.6043808E+00  0.3730476E+03  0.3107804E-03 -0.5160093E-02
 -0.4710944E-04  0.1673479E-01 -0.5467668E-03  0.1242798E+01  0.1768287E-05 -0.2674022E-04
 -0.1111901E-03 -0.1999208E-01  0.3437020E-04  0.7776550E-02  0.8663493E+00 -0.1852411E+02
  0.1114206E-04  0.3282627E-02 -0.3557798E-05 -0.1119963E-02  0.1962442E-01  0.6470699E+00
 
  symplectic matrix after backward rotation
  0.6001435E+00  0.3838465E+03  0.1514065E-01 -0.5841721E+01  0.2345712E-03  0.1593848E-01
 -0.5766898E-03  0.1297208E+01  0.7003499E-05 -0.2250924E-01  0.1372911E-05  0.1249436E-03
 -0.2443158E-01  0.5037637E+01  0.6043808E+00  0.3845074E+03 -0.6080101E-04 -0.9135886E-02
 -0.4786986E-04  0.1752730E-01 -0.5555925E-03  0.1301653E+01 -0.3515315E-06 -0.4810746E-04
  0.5817385E-03  0.1078103E+00 -0.1798224E-03 -0.4193621E-01  0.8867719E+00  0.1715902E+03
  0.6654376E-05  0.2020710E-02 -0.2124825E-05 -0.6894237E-03 -0.2292957E-02  0.6842051E+00
 
  det1, det2, det3=    0.9998714   1.0003235   1.0001827
 
  symplecticity conditions aT*J*a
  0.0000000E+00  0.9996848E+00  0.5544015E-04 -0.3027288E-01 -0.6269919E-05 -0.6588833E-03
 -0.9996848E+00  0.0000000E+00 -0.3034420E-01 -0.1244273E+01 -0.1817119E-02 -0.2457681E+00
 -0.5544015E-04  0.3034420E-01  0.0000000E+00  0.1000024E+01  0.2069465E-05  0.2091927E-03
  0.3027288E-01  0.1244273E+01 -0.1000024E+01  0.0000000E+00  0.6487548E-03  0.8262831E-01
  0.6269919E-05  0.1817119E-02 -0.2069465E-05 -0.6487548E-03  0.0000000E+00  0.1000183E+01
  0.6588833E-03  0.2457681E+00 -0.2091927E-03 -0.8262831E-01 -0.1000183E+01  0.0000000E+00
 
  X-plane 
     cosmu   0.94868     sinmu   0.31625
      muX      18.44   deg
     betX     0.11776E+04  cm/rad
    alphX    -0.11021E+01
 
  Y-plane 
     cosmu   0.95302     sinmu   0.30292
      muY      17.63   deg
     betY     0.12315E+04  cm/rad
    alphY    -0.11509E+01
 
  Z-plane 
     cosmu   0.78549     sinmu   0.61888
      muZ      38.23   deg
     betZ     0.17554E+02   deg/%
    alphZ     0.16366E+00
 
  beam sigma matrix (sm) before
  0.1213743E+04  0.1102078E+01  0.0000000E+00  0.0000000E+00  0.0000000E+00  0.0000000E+00
  0.1102078E+01  0.1823524E-02  0.0000000E+00  0.0000000E+00  0.0000000E+00  0.0000000E+00
  0.0000000E+00  0.0000000E+00  0.1269348E+04  0.1150929E+01  0.0000000E+00  0.0000000E+00
  0.0000000E+00  0.0000000E+00  0.1150929E+01  0.1834140E-02  0.0000000E+00  0.0000000E+00
  0.0000000E+00  0.0000000E+00  0.0000000E+00  0.0000000E+00  0.2772608E+03 -0.1636570E+00
  0.0000000E+00  0.0000000E+00  0.0000000E+00  0.0000000E+00 -0.1636570E+00  0.3705034E-02
 
  beam sigma matrix (sm) after
  0.1213737E+04  0.1101873E+01 -0.1114120E+02 -0.2946536E-01  0.8729880E+00  0.1025290E-01
  0.1101873E+01  0.1823919E-02 -0.3217189E-01 -0.3840088E-04  0.9757353E-03  0.7747324E-05
 -0.1114120E+02 -0.3217189E-01  0.1270258E+04  0.1152144E+01 -0.3099361E+00 -0.3713549E-02
 -0.2946536E-01 -0.3840088E-04  0.1152144E+01  0.1836226E-02 -0.3408444E-03 -0.3067068E-05
  0.8729880E+00  0.9757353E-03 -0.3099361E+00 -0.3408444E-03  0.2773121E+03 -0.1636789E+00
  0.1025290E-01  0.7747324E-05 -0.3713549E-02 -0.3067068E-05 -0.1636789E+00  0.3705812E-02
 
 
 Charge State:     1.00
 Length of the section    421.1218 cm
 
  nonsymplectic matrix: (cm,rad,cm,rad,rad,rel.u.)
  0.6624431E+00  0.4396080E+03  0.1232690E+00  0.6481846E+02 -0.1229996E-02  0.8238435E-02
 -0.2600129E-03  0.1243431E+01 -0.2499159E-04  0.1808725E+00 -0.5473648E-05  0.5289154E-04
 -0.1248079E+00 -0.6471973E+02  0.6652770E+00  0.4394530E+03  0.3056261E-03 -0.6210502E-02
  0.2014116E-04 -0.1826460E+00 -0.2544084E-03  0.1240575E+01  0.1402484E-05 -0.1576690E-04
 -0.1313135E-03 -0.2549062E-01  0.4121758E-04  0.1020949E-01  0.8321217E+00 -0.1986597E+02
  0.1086663E-04  0.2970425E-02 -0.3393550E-05 -0.9902925E-03  0.1767743E-01  0.6979398E+00
 
  nonsymplectic matrix after backward rotation 
  0.6738488E+00  0.4443097E+03  0.1635335E-01 -0.5595782E+01 -0.1262875E-02  0.9118023E-02
 -0.2599213E-03  0.1256665E+01  0.1561451E-04 -0.1788015E-01 -0.5626681E-05  0.5472105E-04
 -0.1832165E-01  0.5717808E+01  0.6764032E+00  0.4441723E+03  0.1069745E-03 -0.4827402E-02
 -0.2129130E-04  0.1658142E-01 -0.2551557E-03  0.1253563E+01  0.5179220E-06 -0.7191476E-05
 -0.1313135E-03 -0.2549062E-01  0.4121758E-04  0.1020949E-01  0.8321217E+00 -0.1986597E+02
  0.1086663E-04  0.2970425E-02 -0.3393550E-05 -0.9902925E-03  0.1767743E-01  0.6979398E+00
 
  symplectic matrix after backward rotation
  0.6738488E+00  0.4372518E+03  0.1635335E-01 -0.5506892E+01  0.2413785E-03  0.1526718E-01
 -0.2753583E-03  0.1310152E+01  0.1654187E-04 -0.1864118E-01  0.1139323E-05  0.9706639E-04
 -0.1832165E-01  0.5626979E+01  0.6764032E+00  0.4371165E+03 -0.2044648E-04 -0.8082981E-02
 -0.2255582E-04  0.1728717E-01 -0.2703097E-03  0.1306918E+01 -0.1048719E-06 -0.1275653E-04
  0.7009529E-03  0.1339077E+00 -0.2200199E-03 -0.5363266E-01  0.8489939E+00  0.1775609E+03
  0.6826268E-05  0.1836338E-02 -0.2131781E-05 -0.6122060E-03 -0.2122491E-02  0.7341155E+00
 
  det1, det2, det3=    1.0032451   1.0021607   1.0001308
 
  symplecticity conditions aT*J*a
  0.0000000E+00  0.1003056E+01  0.3585911E-04 -0.2816315E-01 -0.6447568E-05 -0.6278342E-03
 -0.1003056E+01  0.0000000E+00 -0.2740642E-01 -0.1138513E+01 -0.1661566E-02 -0.2052500E+00
 -0.3585911E-04  0.2740642E-01  0.0000000E+00  0.1001947E+01  0.2215036E-05  0.2075223E-03
  0.2816315E-01  0.1138513E+01 -0.1001947E+01  0.0000000E+00  0.6127001E-03  0.7406903E-01
  0.6447568E-05  0.1661566E-02 -0.2215036E-05 -0.6127001E-03  0.0000000E+00  0.1000131E+01
  0.6278342E-03  0.2052500E+00 -0.2075223E-03 -0.7406903E-01 -0.1000131E+01  0.0000000E+00
 
  X-plane 
     cosmu   0.99200     sinmu   0.12624
      muX       7.25   deg
     betX     0.35197E+04  cm/rad
    alphX    -0.25203E+01
 
  Y-plane 
     cosmu   0.99166     sinmu   0.12888
      muY       7.40   deg
     betY     0.34465E+04  cm/rad
    alphY    -0.24462E+01
 
  Z-plane 
     cosmu   0.79155     sinmu   0.61110
      muZ      37.67   deg
     betZ     0.19004E+02   deg/%
    alphZ     0.93993E-01
 
  beam sigma matrix (sm) before
  0.3463774E+04  0.2520299E+01  0.0000000E+00  0.0000000E+00  0.0000000E+00  0.0000000E+00
  0.2520299E+01  0.2181304E-02  0.0000000E+00  0.0000000E+00  0.0000000E+00  0.0000000E+00
  0.0000000E+00  0.0000000E+00  0.3391780E+04  0.2446223E+01  0.0000000E+00  0.0000000E+00
  0.0000000E+00  0.0000000E+00  0.2446223E+01  0.2097452E-02  0.0000000E+00  0.0000000E+00
  0.0000000E+00  0.0000000E+00  0.0000000E+00  0.0000000E+00  0.2905602E+03 -0.9399342E-01
  0.0000000E+00  0.0000000E+00  0.0000000E+00  0.0000000E+00 -0.9399342E-01  0.3473239E-02
 
  beam sigma matrix (sm) after
  0.3475545E+04  0.2528642E+01 -0.7187551E+01 -0.5821819E-02  0.2816601E+01  0.2809513E-01
  0.2528642E+01  0.2188531E-02 -0.2314348E-01 -0.1661303E-04  0.2247500E-02  0.1946536E-04
 -0.7187551E+01 -0.2314348E-01  0.3399820E+04  0.2452033E+01 -0.9260756E+00 -0.9151359E-02
 -0.5821819E-02 -0.1661303E-04  0.2452033E+01  0.2102433E-02 -0.6709957E-03 -0.6368431E-05
  0.2816601E+01  0.2247500E-02 -0.9260756E+00 -0.6709957E-03  0.2906007E+03 -0.9398079E-01
  0.2809513E-01  0.1946536E-04 -0.9151359E-02 -0.6368431E-05 -0.9398079E-01  0.3473948E-02
 
 
 Charge State:     1.00
 Length of the section    440.3800 cm
 
  nonsymplectic matrix: (cm,rad,cm,rad,rad,rel.u.)
  0.6654704E+00  0.4592471E+03  0.1262308E+00  0.6866844E+02 -0.1299244E-03 -0.1268266E-02
 -0.2626983E-03  0.1216563E+01 -0.2749200E-04  0.1800419E+00  0.4017672E-06 -0.2092138E-04
 -0.1271455E+00 -0.6870976E+02  0.6629802E+00  0.4585399E+03 -0.1060211E-02  0.6627981E-02
  0.2601477E-04 -0.1799927E+00 -0.2766206E-03  0.1211375E+01 -0.4840486E-05  0.4857317E-04
 -0.8536013E-04 -0.1668234E-01  0.5766367E-04  0.1256664E-01  0.7365744E+00 -0.1963538E+02
  0.7206695E-05  0.2078067E-02 -0.5297834E-05 -0.1736521E-02  0.1969475E-01  0.7295712E+00
 
  nonsymplectic matrix after backward rotation 
  0.6772634E+00  0.4643168E+03  0.1769385E-01 -0.6155613E+01  0.4270232E-04 -0.2320238E-02
 -0.2634559E-03  0.1229667E+01  0.1746438E-04 -0.1761116E-01  0.1176894E-05 -0.2847866E-04
 -0.1819513E-01  0.6228844E+01  0.6746584E+00  0.4636122E+03 -0.1067288E-02  0.6336808E-02
 -0.1667773E-04  0.1849612E-01 -0.2774342E-03  0.1224555E+01 -0.4712392E-05  0.4456482E-04
 -0.8536013E-04 -0.1668234E-01  0.5766367E-04  0.1256664E-01  0.7365744E+00 -0.1963538E+02
  0.7206695E-05  0.2078067E-02 -0.5297834E-05 -0.1736521E-02  0.1969475E-01  0.7295712E+00
 
  symplectic matrix after backward rotation
  0.6772634E+00  0.4382864E+03  0.1769385E-01 -0.5810519E+01 -0.7999668E-05 -0.3693551E-02
 -0.2925740E-03  0.1289018E+01  0.1939461E-04 -0.1846118E-01 -0.2448419E-06 -0.5034531E-04
 -0.1819513E-01  0.5879644E+01  0.6746584E+00  0.4376213E+03  0.1999411E-03  0.1008747E-01
 -0.1852102E-04  0.1938886E-01 -0.3080973E-03  0.1283659E+01  0.9803694E-06  0.7878284E-04
  0.4656295E-03  0.8589858E-01 -0.3145486E-03 -0.6470652E-01  0.7527010E+00  0.1705047E+03
  0.4794750E-05  0.1305068E-02 -0.3524749E-05 -0.1090570E-02 -0.2454714E-02  0.7726968E+00
 
  det1, det2, det3=    1.0012360   1.0008614   1.0001500
 
  symplecticity conditions aT*J*a
  0.0000000E+00  0.1000992E+01  0.3641312E-04 -0.2945445E-01 -0.4934298E-05 -0.4941614E-03
 -0.1000992E+01  0.0000000E+00 -0.2919955E-01 -0.1538946E+01 -0.1288294E-02 -0.1731836E+00
 -0.3641312E-04  0.2919955E-01  0.0000000E+00  0.1000648E+01  0.4144047E-05  0.4133759E-03
  0.2945445E-01  0.1538946E+01 -0.1000648E+01  0.0000000E+00  0.1153358E-02  0.1577013E+00
  0.4934298E-05  0.1288294E-02 -0.4144047E-05 -0.1153358E-02  0.0000000E+00  0.1000150E+01
  0.4941614E-03  0.1731836E+00 -0.4133759E-03 -0.1577013E+00 -0.1000150E+01  0.0000000E+00
 
  X-plane 
     cosmu   0.98314     sinmu   0.18285
      muX      10.54   deg
     betX     0.25393E+04  cm/rad
    alphX    -0.16728E+01
 
  Y-plane 
     cosmu   0.97916     sinmu   0.20310
      muY      11.72   deg
     betY     0.22827E+04  cm/rad
    alphY    -0.14993E+01
 
  Z-plane 
     cosmu   0.76270     sinmu   0.64675
      muZ      40.30   deg
     betZ     0.17776E+02   deg/%
    alphZ    -0.15459E-01
 
  beam sigma matrix (sm) before
  0.2396970E+04  0.1672830E+01  0.0000000E+00  0.0000000E+00  0.0000000E+00  0.0000000E+00
  0.1672830E+01  0.1600075E-02  0.0000000E+00  0.0000000E+00  0.0000000E+00  0.0000000E+00
  0.0000000E+00  0.0000000E+00  0.2154752E+04  0.1499294E+01  0.0000000E+00  0.0000000E+00
  0.0000000E+00  0.0000000E+00  0.1499294E+01  0.1517004E-02  0.0000000E+00  0.0000000E+00
  0.0000000E+00  0.0000000E+00  0.0000000E+00  0.0000000E+00  0.2636316E+03  0.1545857E-01
  0.0000000E+00  0.0000000E+00  0.0000000E+00  0.0000000E+00  0.1545857E-01  0.3795438E-02
 
  beam sigma matrix (sm) after
  0.2400350E+04  0.1675142E+01 -0.4496830E+01  0.5593825E-02  0.1240401E+01  0.1356431E-01
  0.1675142E+01  0.1602307E-02 -0.7234969E-02  0.5810505E-06  0.7257208E-03  0.8988320E-05
 -0.4496830E+01 -0.7234969E-02  0.2157099E+04  0.1500803E+01 -0.7427431E+00 -0.9550994E-02
  0.5593825E-02  0.5810505E-06  0.1500803E+01  0.1518533E-02 -0.2492093E-03 -0.6515561E-05
  0.1240401E+01  0.7257208E-03 -0.7427431E+00 -0.2492093E-03  0.2636721E+03  0.1547148E-01
  0.1356431E-01  0.8988320E-05 -0.9550994E-02 -0.6515561E-05  0.1547148E-01  0.3796126E-02
 
 
 Charge State:     1.00
 Length of the section    499.1218 cm
 
  nonsymplectic matrix: (cm,rad,cm,rad,rad,rel.u.)
  0.6538712E+00  0.5298667E+03  0.1222841E+00  0.7754252E+02  0.3621158E-03 -0.4931673E-02
 -0.2110247E-03  0.1254766E+01 -0.2041547E-04  0.1810412E+00  0.2397390E-05 -0.4951324E-04
 -0.1218587E+00 -0.7760994E+02  0.6476455E+00  0.5285848E+03 -0.1659786E-02  0.1129838E-01
  0.2149273E-04 -0.1817952E+00 -0.2347259E-03  0.1247199E+01 -0.6091241E-05  0.6024105E-04
 -0.9314933E-04 -0.1914465E-01  0.6035900E-04  0.1453155E-01  0.7118938E+00 -0.2061702E+02
  0.6561390E-05  0.1724451E-02 -0.4541375E-05 -0.1438615E-02  0.1897997E-01  0.7492940E+00
 
  nonsymplectic matrix after backward rotation 
  0.6649157E+00  0.5354717E+03  0.1826404E-01 -0.7074412E+01  0.6201882E-03 -0.6657329E-02
 -0.2117670E-03  0.1267724E+01  0.1698333E-04 -0.1858869E-01  0.3331028E-05 -0.5842163E-04
 -0.1685893E-01  0.7210679E+01  0.6588357E+00  0.5341953E+03 -0.1581577E-02  0.1037568E-01
 -0.1216930E-04  0.1904165E-01 -0.2349992E-03  0.1260133E+01 -0.5635153E-05  0.5164744E-04
 -0.9314933E-04 -0.1914465E-01  0.6035900E-04  0.1453155E-01  0.7118938E+00 -0.2061702E+02
  0.6561390E-05  0.1724451E-02 -0.4541375E-05 -0.1438615E-02  0.1897997E-01  0.7492940E+00
 
  symplectic matrix after backward rotation
  0.6649157E+00  0.4821795E+03  0.1826404E-01 -0.6370338E+01 -0.1136941E-03 -0.1000622E-01
 -0.2465143E-03  0.1328865E+01  0.1977000E-04 -0.1948519E-01 -0.7108480E-06 -0.1022181E-03
 -0.1685893E-01  0.6493044E+01  0.6588357E+00  0.4810301E+03  0.2899379E-03  0.1559505E-01
 -0.1416607E-04  0.1996000E-01 -0.2735585E-03  0.1320907E+01  0.1202553E-05  0.9036553E-04
  0.5186656E-03  0.9599030E-01 -0.3360855E-03 -0.7286043E-01  0.7266705E+00  0.1725456E+03
  0.4624543E-05  0.1094450E-02 -0.3200813E-05 -0.9130398E-03 -0.2452353E-02  0.7937712E+00
 
  det1, det2, det3=    1.0024472   1.0018507   0.9999528
 
  symplecticity conditions aT*J*a
  0.0000000E+00  0.1002203E+01  0.3159264E-04 -0.2998130E-01 -0.5149318E-05 -0.4579783E-03
 -0.1002203E+01  0.0000000E+00 -0.2966428E-01 -0.1954703E+01 -0.1220358E-02 -0.1483633E+00
 -0.3159264E-04  0.2966428E-01  0.0000000E+00  0.1001621E+01  0.4011001E-05  0.3476443E-03
  0.2998130E-01  0.1954703E+01 -0.1001621E+01  0.0000000E+00  0.1039955E-02  0.1230316E+00
  0.5149318E-05  0.1220358E-02 -0.4011001E-05 -0.1039955E-02  0.0000000E+00  0.9999528E+00
  0.4579783E-03  0.1483633E+00 -0.3476443E-03 -0.1230316E+00 -0.9999528E+00  0.0000000E+00
 
  X-plane 
     cosmu   0.99689     sinmu   0.07880
      muX       4.52   deg
     betX     0.67951E+04  cm/rad
    alphX    -0.42127E+01
 
  Y-plane 
     cosmu   0.98987     sinmu   0.14197
      muY       8.16   deg
     betY     0.37628E+04  cm/rad
    alphY    -0.23318E+01
 
  Z-plane 
     cosmu   0.76022     sinmu   0.64966
      muZ      40.52   deg
     betZ     0.18560E+02   deg/%
    alphZ    -0.51643E-01
 
  beam sigma matrix (sm) before
  0.6118838E+04  0.4212743E+01  0.0000000E+00  0.0000000E+00  0.0000000E+00  0.0000000E+00
  0.4212743E+01  0.3128256E-02  0.0000000E+00  0.0000000E+00  0.0000000E+00  0.0000000E+00
  0.0000000E+00  0.0000000E+00  0.3388338E+04  0.2331790E+01  0.0000000E+00  0.0000000E+00
  0.0000000E+00  0.0000000E+00  0.2331790E+01  0.1926924E-02  0.0000000E+00  0.0000000E+00
  0.0000000E+00  0.0000000E+00  0.0000000E+00  0.0000000E+00  0.2655917E+03  0.5164255E-01
  0.0000000E+00  0.0000000E+00  0.0000000E+00  0.0000000E+00  0.5164255E-01  0.3774798E-02
 
  beam sigma matrix (sm) after
  0.6134478E+04  0.4223392E+01 -0.2928780E+02  0.2678202E-01  0.3529568E+01  0.3278783E-01
  0.4223392E+01  0.3136172E-02 -0.3038719E-01  0.9711346E-05  0.2198774E-02  0.2239019E-04
 -0.2928780E+02 -0.3038719E-01  0.3395557E+04  0.2336167E+01 -0.1281606E+01 -0.1352283E-01
  0.2678202E-01  0.9711346E-05  0.2336167E+01  0.1930583E-02 -0.5586494E-03 -0.9117038E-05
  0.3529568E+01  0.2198774E-02 -0.1281606E+01 -0.5586494E-03  0.2655818E+03  0.5166441E-01
  0.3278783E-01  0.2239019E-04 -0.1352283E-01 -0.9117038E-05  0.5166441E-01  0.3774847E-02
 
 
 Charge State:     1.00
 Length of the section    440.3800 cm
 
  nonsymplectic matrix: (cm,rad,cm,rad,rad,rel.u.)
  0.7013021E+00  0.4538630E+03  0.1212238E+00  0.6279499E+02  0.4361006E-03 -0.2357927E-02
 -0.2274002E-03  0.1184866E+01 -0.2567065E-04  0.1617977E+00  0.2568771E-05 -0.2664207E-04
 -0.1216935E+00 -0.6290134E+02  0.6986044E+00  0.4536593E+03 -0.1098788E-02  0.6115765E-02
  0.2247507E-04 -0.1629234E+00 -0.2363040E-03  0.1183998E+01 -0.3820003E-05  0.2590125E-04
 -0.6762495E-04 -0.1267095E-01  0.4331277E-04  0.9330219E-02  0.7879682E+00 -0.1759903E+02
  0.6271501E-05  0.1661115E-02 -0.4426155E-05 -0.1459172E-02  0.1970583E-01  0.7359474E+00
 
  nonsymplectic matrix after backward rotation 
  0.7116138E+00  0.4581661E+03  0.1542393E-01 -0.5730350E+01  0.5954629E-03 -0.3245704E-02
 -0.2282047E-03  0.1195907E+01  0.9944032E-05 -0.1702200E-01  0.3110975E-05 -0.3021478E-04
 -0.1548503E-01  0.5655635E+01  0.7088761E+00  0.4579489E+03 -0.1021245E-02  0.5694541E-02
 -0.1177262E-04  0.1603861E-01 -0.2374862E-03  0.1194881E+01 -0.3393058E-05  0.2162734E-04
 -0.6762495E-04 -0.1267095E-01  0.4331277E-04  0.9330219E-02  0.7879682E+00 -0.1759903E+02
  0.6271501E-05  0.1661115E-02 -0.4426155E-05 -0.1459172E-02  0.1970583E-01  0.7359474E+00
 
  symplectic matrix after backward rotation
  0.7116138E+00  0.3935855E+03  0.1542393E-01 -0.4922631E+01 -0.1069417E-03 -0.4605067E-02
 -0.2782674E-03  0.1252712E+01  0.1212552E-04 -0.1783054E-01 -0.6812813E-06 -0.5227382E-04
 -0.1548503E-01  0.4858447E+01  0.7088761E+00  0.3933989E+03  0.1834098E-03  0.8079525E-02
 -0.1435526E-04  0.1680044E-01 -0.2895850E-03  0.1251637E+01  0.7430557E-06  0.3741691E-04
  0.3838353E-03  0.6178220E-01 -0.2458408E-03 -0.4549314E-01  0.8032282E+00  0.1417274E+03
  0.4679773E-05  0.1064803E-02 -0.3302782E-05 -0.9353541E-03 -0.2640829E-02  0.7791609E+00
 
  det1, det2, det3=    1.0009694   1.0011781   1.0001216
 
  symplecticity conditions aT*J*a
  0.0000000E+00  0.1000779E+01  0.2758088E-04 -0.2779271E-01 -0.5296009E-05 -0.4031260E-03
 -0.1000779E+01  0.0000000E+00 -0.2786562E-01 -0.1379473E+01 -0.1152082E-02 -0.1175328E+00
 -0.2758088E-04  0.2786562E-01  0.0000000E+00  0.1000963E+01  0.3872746E-05  0.3046582E-03
  0.2779271E-01  0.1379473E+01 -0.1000963E+01  0.0000000E+00  0.9356441E-03  0.1019011E+00
  0.5296009E-05  0.1152082E-02 -0.3872746E-05 -0.9356441E-03  0.0000000E+00  0.1000122E+01
  0.4031260E-03  0.1175328E+00 -0.3046582E-03 -0.1019011E+00 -0.1000122E+01  0.0000000E+00
 
  X-plane 
     cosmu   0.98216     sinmu   0.18803
      muX      10.84   deg
     betX     0.24367E+04  cm/rad
    alphX    -0.14389E+01
 
  Y-plane 
     cosmu   0.98026     sinmu   0.19773
      muY      11.40   deg
     betY     0.23160E+04  cm/rad
    alphY    -0.13725E+01
 
  Z-plane 
     cosmu   0.79119     sinmu   0.61156
      muZ      37.70   deg
     betZ     0.16807E+02   deg/%
    alphZ     0.19677E-01
 
  beam sigma matrix (sm) before
  0.2093193E+04  0.1438854E+01  0.0000000E+00  0.0000000E+00  0.0000000E+00  0.0000000E+00
  0.1438854E+01  0.1479901E-02  0.0000000E+00  0.0000000E+00  0.0000000E+00  0.0000000E+00
  0.0000000E+00  0.0000000E+00  0.1989582E+04  0.1372484E+01  0.0000000E+00  0.0000000E+00
  0.0000000E+00  0.0000000E+00  0.1372484E+01  0.1464552E-02  0.0000000E+00  0.0000000E+00
  0.0000000E+00  0.0000000E+00  0.0000000E+00  0.0000000E+00  0.2317455E+03 -0.1967684E-01
  0.0000000E+00  0.0000000E+00  0.0000000E+00  0.0000000E+00 -0.1967684E-01  0.4318152E-02
 
  beam sigma matrix (sm) after
  0.2095523E+04  0.1440290E+01 -0.1574752E+01  0.8017814E-02  0.8594838E+00  0.1129068E-01
  0.1440290E+01  0.1481500E-02 -0.1580246E-01 -0.4848547E-05  0.4025146E-03  0.7515830E-05
 -0.1574752E+01 -0.1580246E-01  0.1992247E+04  0.1374213E+01 -0.5221800E+00 -0.8112848E-02
  0.8017814E-02 -0.4848547E-05  0.1374213E+01  0.1466433E-02 -0.1894316E-03 -0.5474933E-05
  0.8594838E+00  0.4025146E-03 -0.5221800E+00 -0.1894316E-03  0.2317742E+03 -0.1967218E-01
  0.1129068E-01  0.7515830E-05 -0.8112848E-02 -0.5474933E-05 -0.1967218E-01  0.4318770E-02
 
 
 Charge State:     1.00
 Length of the section    499.1218 cm
 
  nonsymplectic matrix: (cm,rad,cm,rad,rad,rel.u.)
  0.6816693E+00  0.5200236E+03  0.1163139E+00  0.7015611E+02  0.5185161E-03 -0.3918505E-02
 -0.2307928E-03  0.1199167E+01 -0.2286579E-04  0.1605566E+00  0.2589462E-05 -0.2910888E-04
 -0.1155454E+00 -0.7016740E+02  0.6815860E+00  0.5203099E+03 -0.5293222E-03  0.2806342E-02
  0.2522589E-04 -0.1599907E+00 -0.2281132E-03  0.1201035E+01 -0.8880160E-06  0.4088554E-06
 -0.7493571E-04 -0.1485859E-01  0.5323046E-04  0.1163523E-01  0.7594931E+00 -0.1843666E+02
  0.5852710E-05  0.1503520E-02 -0.4446043E-05 -0.1403102E-02  0.1941945E-01  0.7520493E+00
 
  nonsymplectic matrix after backward rotation 
  0.6912332E+00  0.5246964E+03  0.1562116E-01 -0.6511424E+01  0.5901988E-03 -0.4286035E-02
 -0.2320035E-03  0.1209678E+01  0.1066217E-04 -0.1640077E-01  0.2691318E-05 -0.2885702E-04
 -0.1484867E-01  0.6458479E+01  0.6912629E+00  0.5249780E+03 -0.4480026E-03  0.2204573E-02
 -0.8718305E-05  0.1668806E-01 -0.2290083E-03  0.1211608E+01 -0.5006926E-06 -0.3842703E-05
 -0.7493571E-04 -0.1485859E-01  0.5323046E-04  0.1163523E-01  0.7594931E+00 -0.1843666E+02
  0.5852710E-05  0.1503520E-02 -0.4446043E-05 -0.1403102E-02  0.1941945E-01  0.7520493E+00
 
  symplectic matrix after backward rotation
  0.6912332E+00  0.4302990E+03  0.1562116E-01 -0.5339963E+01 -0.1039825E-03 -0.5743842E-02
 -0.2959899E-03  0.1265652E+01  0.1360279E-04 -0.1715966E-01 -0.6049358E-06 -0.4933788E-04
 -0.1484867E-01  0.5296543E+01  0.6912629E+00  0.4305299E+03  0.7893008E-04  0.2954413E-02
 -0.1112280E-04  0.1746025E-01 -0.2921685E-03  0.1267671E+01  0.1125422E-06 -0.6570007E-05
  0.4329260E-03  0.7039873E-01 -0.3075283E-03 -0.5512674E-01  0.7730558E+00  0.1427427E+03
  0.4618021E-05  0.9729050E-03 -0.3508105E-05 -0.9079259E-03 -0.2699590E-02  0.7952285E+00
 
  det1, det2, det3=    1.0022247   1.0020815   1.0001029
 
  symplecticity conditions aT*J*a
  0.0000000E+00  0.1002024E+01  0.2605340E-04 -0.2747658E-01 -0.5188434E-05 -0.3505875E-03
 -0.1002024E+01  0.0000000E+00 -0.2753473E-01 -0.1428145E+01 -0.1071637E-02 -0.9693874E-01
 -0.2605340E-04  0.2753473E-01  0.0000000E+00  0.1001886E+01  0.3634983E-05  0.2518302E-03
  0.2747658E-01  0.1428145E+01 -0.1001886E+01  0.0000000E+00  0.8005384E-03  0.7935254E-01
  0.5188434E-05  0.1071637E-02 -0.3634983E-05 -0.8005384E-03  0.0000000E+00  0.1000103E+01
  0.3505875E-03  0.9693874E-01 -0.2518302E-03 -0.7935254E-01 -0.1000103E+01  0.0000000E+00
 
  X-plane 
     cosmu   0.97844     sinmu   0.20652
      muX      11.92   deg
     betX     0.25407E+04  cm/rad
    alphX    -0.13907E+01
 
  Y-plane 
     cosmu   0.97947     sinmu   0.20160
      muY      11.63   deg
     betY     0.26040E+04  cm/rad
    alphY    -0.14296E+01
 
  Z-plane 
     cosmu   0.78414     sinmu   0.62058
      muZ      38.36   deg
     betZ     0.17326E+02   deg/%
    alphZ    -0.17865E-01
 
  beam sigma matrix (sm) before
  0.2083577E+04  0.1390714E+01  0.0000000E+00  0.0000000E+00  0.0000000E+00  0.0000000E+00
  0.1390714E+01  0.1433231E-02  0.0000000E+00  0.0000000E+00  0.0000000E+00  0.0000000E+00
  0.0000000E+00  0.0000000E+00  0.2135524E+04  0.1429558E+01  0.0000000E+00  0.0000000E+00
  0.0000000E+00  0.0000000E+00  0.1429558E+01  0.1449221E-02  0.0000000E+00  0.0000000E+00
  0.0000000E+00  0.0000000E+00  0.0000000E+00  0.0000000E+00  0.2300146E+03  0.1786452E-01
  0.0000000E+00  0.0000000E+00  0.0000000E+00  0.0000000E+00  0.1786452E-01  0.4350100E-02
 
  beam sigma matrix (sm) after
  0.2088536E+04  0.1393907E+01  0.2152347E+01  0.1585946E-01  0.9625636E+00  0.1088985E-01
  0.1393907E+01  0.1436574E-02 -0.8762115E-02  0.3573146E-05  0.4522314E-03  0.6832590E-05
  0.2152347E+01 -0.8762115E-02  0.2140250E+04  0.1432567E+01 -0.7271341E+00 -0.8960892E-02
  0.1585946E-01  0.3573146E-05  0.1432567E+01  0.1452392E-02 -0.4263988E-03 -0.5533652E-05
  0.9625636E+00  0.4522314E-03 -0.7271341E+00 -0.4263988E-03  0.2300390E+03  0.1787471E-01
  0.1088985E-01  0.6832590E-05 -0.8960892E-02 -0.5533652E-05  0.1787471E-01  0.4350642E-02
 
 
 Charge State:     1.00
 Length of the section    440.3800 cm
 
  nonsymplectic matrix: (cm,rad,cm,rad,rad,rel.u.)
  0.7585046E+00  0.4496791E+03  0.1163630E+00  0.5537854E+02  0.4091317E-03 -0.2449500E-02
 -0.1516114E-03  0.1152190E+01 -0.8957859E-05  0.1406909E+00  0.2346416E-05 -0.2273671E-04
 -0.1131140E+00 -0.5515472E+02  0.7616952E+00  0.4500882E+03 -0.1590063E-03  0.1720278E-02
  0.2062840E-04 -0.1396760E+00 -0.1365424E-03  0.1155653E+01 -0.1867484E-07 -0.3335262E-06
 -0.5383232E-04 -0.9725656E-02  0.3993627E-04  0.6990711E-02  0.8261496E+00 -0.1578276E+02
  0.5515004E-05  0.1399748E-02 -0.4168818E-05 -0.1145683E-02  0.1959519E-01  0.7539280E+00
 
  nonsymplectic matrix after backward rotation 
  0.7668091E+00  0.4530202E+03  0.1409973E-01 -0.4930440E+01  0.4266346E-03 -0.2656400E-02
 -0.1530080E-03  0.1160532E+01  0.9268388E-05 -0.1414598E-01  0.2328084E-05 -0.2249069E-04
 -0.1130362E-01  0.5097901E+01  0.7704032E+00  0.4534555E+03 -0.1032213E-03  0.1379474E-02
  0.2959218E-06  0.1469160E-01 -0.1365216E-03  0.1164099E+01  0.2933348E-06 -0.3352326E-05
 -0.5383232E-04 -0.9725656E-02  0.3993627E-04  0.6990711E-02  0.8261496E+00 -0.1578276E+02
  0.5515004E-05  0.1399748E-02 -0.4168818E-05 -0.1145683E-02  0.1959519E-01  0.7539280E+00
 
  symplectic matrix after backward rotation
  0.7668091E+00  0.3550875E+03  0.1409973E-01 -0.3864590E+01 -0.7384672E-04 -0.3366623E-02
 -0.2039374E-03  0.1212433E+01  0.1235342E-04 -0.1477861E-01 -0.5371017E-06 -0.3799151E-04
 -0.1130362E-01  0.3995850E+01  0.7704032E+00  0.3554286E+03  0.1786670E-04  0.1748294E-02
  0.3944208E-06  0.1534863E-01 -0.1819635E-03  0.1216160E+01 -0.6767395E-07 -0.5662787E-05
  0.3160854E-03  0.4476081E-01 -0.2344924E-03 -0.3217366E-01  0.8396439E+00  0.1174479E+03
  0.4593792E-05  0.9138881E-03 -0.3472469E-05 -0.7480102E-03 -0.2825206E-02  0.7958961E+00
 
  det1, det2, det3=    1.0021201   1.0016082   1.0000839
 
  symplecticity conditions aT*J*a
  0.0000000E+00  0.1001945E+01  0.1410114E-04 -0.2600779E-01 -0.5176312E-05 -0.3177157E-03
 -0.1001945E+01  0.0000000E+00 -0.2526011E-01 -0.1157900E+01 -0.9955276E-03 -0.8116727E-01
 -0.1410114E-04  0.2526011E-01  0.0000000E+00  0.1001448E+01  0.3522581E-05  0.2166641E-03
  0.2600779E-01  0.1157900E+01 -0.1001448E+01  0.0000000E+00  0.6741618E-03  0.5820351E-01
  0.5176312E-05  0.9955276E-03 -0.3522581E-05 -0.6741618E-03  0.0000000E+00  0.1000084E+01
  0.3177157E-03  0.8116727E-01 -0.2166641E-03 -0.5820351E-01 -0.1000084E+01  0.0000000E+00
 
  X-plane 
     cosmu   0.98962     sinmu   0.14370
      muX       8.26   deg
     betX     0.31525E+04  cm/rad
    alphX    -0.15505E+01
 
  Y-plane 
     cosmu   0.99328     sinmu   0.11572
      muY       6.65   deg
     betY     0.39184E+04  cm/rad
    alphY    -0.19259E+01
 
  Z-plane 
     cosmu   0.81777     sinmu   0.57555
      muZ      35.14   deg
     betZ     0.15968E+02   deg/%
    alphZ     0.38006E-01
 
  beam sigma matrix (sm) before
  0.2470991E+04  0.1550508E+01  0.0000000E+00  0.0000000E+00  0.0000000E+00  0.0000000E+00
  0.1550508E+01  0.1419164E-02  0.0000000E+00  0.0000000E+00  0.0000000E+00  0.0000000E+00
  0.0000000E+00  0.0000000E+00  0.3071339E+04  0.1925941E+01  0.0000000E+00  0.0000000E+00
  0.0000000E+00  0.0000000E+00  0.1925941E+01  0.1572388E-02  0.0000000E+00  0.0000000E+00
  0.0000000E+00  0.0000000E+00  0.0000000E+00  0.0000000E+00  0.2040638E+03 -0.3800557E-01
  0.0000000E+00  0.0000000E+00  0.0000000E+00  0.0000000E+00 -0.3800557E-01  0.4908748E-02
 
  beam sigma matrix (sm) after
  0.2476653E+04  0.1553927E+01  0.1424345E+02  0.4605712E-01  0.8254673E+00  0.1267149E-01
  0.1553927E+01  0.1422282E-02 -0.2441922E-02  0.2104810E-04  0.3852231E-03  0.7744429E-05
  0.1424345E+02 -0.2441922E-02  0.3076477E+04  0.1928848E+01 -0.7845529E+00 -0.1223589E-01
  0.4605712E-01  0.2104810E-04  0.1928848E+01  0.1575270E-02 -0.4739832E-03 -0.7208394E-05
  0.8254673E+00  0.3852231E-03 -0.7845529E+00 -0.4739832E-03  0.2040814E+03 -0.3800125E-01
  0.1267149E-01  0.7744429E-05 -0.1223589E-01 -0.7208394E-05 -0.3800125E-01  0.4909274E-02
 
 
 Charge State:     1.00
 Length of the section    499.1218 cm
 
  nonsymplectic matrix: (cm,rad,cm,rad,rad,rel.u.)
  0.7027935E+00  0.5143200E+03  0.1139354E+00  0.6513976E+02  0.4097761E-03 -0.3134529E-02
 -0.2393999E-03  0.1166618E+01 -0.1443036E-04  0.1480634E+00  0.2052761E-05 -0.2138961E-04
 -0.1074954E+00 -0.6454222E+02  0.7066467E+00  0.5148471E+03 -0.5274375E-03  0.4304827E-02
  0.3674972E-04 -0.1431342E+00 -0.2251222E-03  0.1169856E+01 -0.1609961E-05  0.1720167E-04
 -0.5859283E-04 -0.1118913E-01  0.3451171E-04  0.6602547E-02  0.8073698E+00 -0.1663956E+02
  0.5086798E-05  0.1263954E-02 -0.2941003E-05 -0.7951064E-03  0.1845850E-01  0.7779581E+00
 
  nonsymplectic matrix after backward rotation 
  0.7108886E+00  0.5183160E+03  0.1640411E-01 -0.5752076E+01  0.4779408E-03 -0.3692839E-02
 -0.2421755E-03  0.1175236E+01  0.1643626E-04 -0.1302038E-01  0.2253321E-05 -0.2353759E-04
 -0.1055044E-01  0.6272073E+01  0.7155849E+00  0.5189197E+03 -0.4665612E-03  0.3836631E-02
  0.3725097E-05  0.1746134E-01 -0.2249846E-03  0.1179117E+01 -0.1314666E-05  0.1412073E-04
 -0.5859283E-04 -0.1118913E-01  0.3451171E-04  0.6602547E-02  0.8073698E+00 -0.1663956E+02
  0.5086798E-05  0.1263954E-02 -0.2941003E-05 -0.7951064E-03  0.1845850E-01  0.7779581E+00
 
  symplectic matrix after backward rotation
  0.7108886E+00  0.3888766E+03  0.1640411E-01 -0.4315606E+01 -0.8139782E-04 -0.4433380E-02
 -0.3366634E-03  0.1225767E+01  0.2284908E-04 -0.1358021E-01 -0.5334915E-06 -0.3928278E-04
 -0.1055044E-01  0.4705744E+01  0.7155849E+00  0.3893295E+03  0.7945976E-04  0.4606007E-02
  0.5178492E-05  0.1821212E-01 -0.3127653E-03  0.1229815E+01  0.3112575E-06  0.2356663E-04
  0.3491521E-03  0.5002461E-01 -0.2056538E-03 -0.2951882E-01  0.8193726E+00  0.1190383E+03
  0.4464453E-05  0.8322850E-03 -0.2581186E-05 -0.5235596E-03 -0.2759045E-02  0.8196992E+00
 
  det1, det2, det3=    1.0023044   1.0018057   1.0000710
 
  symplecticity conditions aT*J*a
  0.0000000E+00  0.1002088E+01  0.2136000E-04 -0.2609820E-01 -0.5031729E-05 -0.2749319E-03
 -0.1002088E+01  0.0000000E+00 -0.2572622E-01 -0.1294420E+01 -0.9276416E-03 -0.6788350E-01
 -0.2136000E-04  0.2572622E-01  0.0000000E+00  0.1001682E+01  0.2923053E-05  0.1564471E-03
  0.2609820E-01  0.1294420E+01 -0.1001682E+01  0.0000000E+00  0.5350920E-03  0.4174706E-01
  0.5031729E-05  0.9276416E-03 -0.2923053E-05 -0.5350920E-03  0.0000000E+00  0.1000071E+01
  0.2749319E-03  0.6788350E-01 -0.1564471E-03 -0.4174706E-01 -0.1000071E+01  0.0000000E+00
 
  X-plane 
     cosmu   0.96833     sinmu   0.24968
      muX      14.46   deg
     betX     0.20759E+04  cm/rad
    alphX    -0.10311E+01
 
  Y-plane 
     cosmu   0.97270     sinmu   0.23207
      muY      13.42   deg
     betY     0.22361E+04  cm/rad
    alphY    -0.11079E+01
 
  Z-plane 
     cosmu   0.81954     sinmu   0.57303
      muZ      34.96   deg
     betZ     0.16885E+02   deg/%
    alphZ    -0.28502E-03
 
  beam sigma matrix (sm) before
  0.1557488E+04  0.1031069E+01  0.0000000E+00  0.0000000E+00  0.0000000E+00  0.0000000E+00
  0.1031069E+01  0.1348369E-02  0.0000000E+00  0.0000000E+00  0.0000000E+00  0.0000000E+00
  0.0000000E+00  0.0000000E+00  0.1677664E+04  0.1107937E+01  0.0000000E+00  0.0000000E+00
  0.0000000E+00  0.0000000E+00  0.1107937E+01  0.1347740E-02  0.0000000E+00  0.0000000E+00
  0.0000000E+00  0.0000000E+00  0.0000000E+00  0.0000000E+00  0.2077356E+03  0.2850153E-03
  0.0000000E+00  0.0000000E+00  0.0000000E+00  0.0000000E+00  0.2850153E-03  0.4814853E-02
 
  beam sigma matrix (sm) after
  0.1561396E+04  0.1033797E+01  0.1108820E+02  0.3879505E-01  0.5680330E+00  0.7743532E-02
  0.1033797E+01  0.1351913E-02  0.1773619E-01  0.2894937E-04  0.2051682E-03  0.4475012E-05
  0.1108820E+02  0.1773619E-01  0.1680794E+04  0.1109795E+01 -0.3625923E+00 -0.4984772E-02
  0.3879505E-01  0.2894937E-04  0.1109795E+01  0.1350857E-02 -0.1336318E-03 -0.2789595E-05
  0.5680330E+00  0.2051682E-03 -0.3625923E+00 -0.1336318E-03  0.2077507E+03  0.2891644E-03
  0.7743532E-02  0.4475012E-05 -0.4984772E-02 -0.2789595E-05  0.2891644E-03  0.4815249E-02
 
 
 Charge State:     1.00
 Length of the section    440.3800 cm
 
  nonsymplectic matrix: (cm,rad,cm,rad,rad,rel.u.)
  0.7630621E+00  0.4464042E+03  0.1118900E+00  0.5246690E+02  0.3513154E-03 -0.2197034E-02
 -0.1909059E-03  0.1129716E+01 -0.1406903E-04  0.1313364E+00  0.2055732E-05 -0.1919909E-04
 -0.1075398E+00 -0.5220790E+02  0.7642270E+00  0.4463734E+03 -0.7824391E-03  0.4649611E-02
  0.2925237E-04 -0.1305334E+00 -0.1858518E-03  0.1129745E+01 -0.2870465E-05  0.2097073E-04
 -0.4116507E-04 -0.7242344E-02  0.1909598E-04  0.3392344E-02  0.8664567E+00 -0.1426587E+02
  0.4668635E-05  0.1149077E-02 -0.2065324E-05 -0.5597569E-03  0.1801700E-01  0.7863913E+00
 
  nonsymplectic matrix after backward rotation 
  0.7705405E+00  0.4494201E+03  0.1396102E-01 -0.4627633E+01  0.4478084E-03 -0.2769554E-02
 -0.1930750E-03  0.1137146E+01  0.9639898E-05 -0.1315482E-01  0.2403522E-05 -0.2170611E-04
 -0.9793899E-02  0.4888450E+01  0.7722482E+00  0.4494225E+03 -0.7315060E-03  0.4333060E-02
  0.4778920E-05  0.1394751E-01 -0.1861341E-03  0.1137278E+01 -0.2586249E-05  0.1836360E-04
 -0.4116507E-04 -0.7242344E-02  0.1909598E-04  0.3392344E-02  0.8664567E+00 -0.1426587E+02
  0.4668635E-05  0.1149077E-02 -0.2065324E-05 -0.5597569E-03  0.1801700E-01  0.7863913E+00
 
  symplectic matrix after backward rotation
  0.7705405E+00  0.3232859E+03  0.1396102E-01 -0.3328842E+01 -0.7514878E-04 -0.3155630E-02
 -0.2794637E-03  0.1183996E+01  0.1395314E-04 -0.1369678E-01 -0.5838177E-06 -0.3579791E-04
 -0.9793899E-02  0.3516458E+01  0.7722482E+00  0.3232876E+03  0.1227574E-03  0.4937088E-02
  0.6917182E-05  0.1452213E-01 -0.2694172E-03  0.1184132E+01  0.6282024E-06  0.3028541E-04
  0.2486111E-03  0.3146335E-01 -0.1153277E-03 -0.1473756E-01  0.8781489E+00  0.9816711E+02
  0.4308526E-05  0.7628202E-03 -0.1906018E-05 -0.3715972E-03 -0.2790301E-02  0.8269014E+00
 
  det1, det2, det3=    1.0026632   1.0015432   1.0000583
 
  symplecticity conditions aT*J*a
  0.0000000E+00  0.1002497E+01  0.1194994E-04 -0.2531775E-01 -0.4955085E-05 -0.2461751E-03
 -0.1002497E+01  0.0000000E+00 -0.2418099E-01 -0.1017516E+01 -0.8569998E-03 -0.5666867E-01
 -0.1194994E-04  0.2418099E-01  0.0000000E+00  0.1001398E+01  0.2506665E-05  0.1160059E-03
  0.2531775E-01  0.1017516E+01 -0.1001398E+01  0.0000000E+00  0.4260831E-03  0.2831279E-01
  0.4955085E-05  0.8569998E-03 -0.2506665E-05 -0.4260831E-03  0.0000000E+00  0.1000058E+01
  0.2461751E-03  0.5666867E-01 -0.1160059E-03 -0.2831279E-01 -0.1000058E+01  0.0000000E+00
 
  X-plane 
     cosmu   0.97727     sinmu   0.21201
      muX      12.24   deg
     betX     0.21198E+04  cm/rad
    alphX    -0.97509E+00
 
  Y-plane 
     cosmu   0.97819     sinmu   0.20771
      muY      11.99   deg
     betY     0.21637E+04  cm/rad
    alphY    -0.99148E+00
 
  Z-plane 
     cosmu   0.85253     sinmu   0.52269
      muZ      31.51   deg
     betZ     0.15849E+02   deg/%
    alphZ     0.49023E-01
 
  beam sigma matrix (sm) before
  0.1524879E+04  0.9750948E+00  0.0000000E+00  0.0000000E+00  0.0000000E+00  0.0000000E+00
  0.9750948E+00  0.1318178E-02  0.0000000E+00  0.0000000E+00  0.0000000E+00  0.0000000E+00
  0.0000000E+00  0.0000000E+00  0.1556428E+04  0.9914817E+00  0.0000000E+00  0.0000000E+00
  0.0000000E+00  0.0000000E+00  0.9914817E+00  0.1297075E-02  0.0000000E+00  0.0000000E+00
  0.0000000E+00  0.0000000E+00  0.0000000E+00  0.0000000E+00  0.1878127E+03 -0.4902326E-01
  0.0000000E+00  0.0000000E+00  0.0000000E+00  0.0000000E+00 -0.4902326E-01  0.5338386E-02
 
  beam sigma matrix (sm) after
  0.1529166E+04  0.9778184E+00  0.6856337E+01  0.3372089E-01  0.3917160E+00  0.7308253E-02
  0.9778184E+00  0.1321856E-02  0.2409192E-02  0.1689810E-04  0.1100323E-03  0.4273481E-05
  0.6856337E+01  0.2409192E-02  0.1558925E+04  0.9928608E+00 -0.1740333E+00 -0.3442380E-02
  0.3372089E-01  0.1689810E-04  0.9928608E+00  0.1299624E-02  0.1637079E-04 -0.2000623E-05
  0.3917160E+00  0.1100323E-03 -0.1740333E+00  0.1637079E-04  0.1878238E+03 -0.4902372E-01
  0.7308253E-02  0.4273481E-05 -0.3442380E-02 -0.2000623E-05 -0.4902372E-01  0.5338740E-02
 
 
 Charge State:     1.00
 Length of the section    499.1218 cm
 
  nonsymplectic matrix: (cm,rad,cm,rad,rad,rel.u.)
  0.7736000E+00  0.5119095E+03  0.1069694E+00  0.5720130E+02  0.4807601E-03 -0.3310593E-02
 -0.1319295E-03  0.1142780E+01 -0.1180667E-04  0.1266233E+00  0.2198784E-05 -0.2241999E-04
 -0.1045874E+00 -0.5718581E+02  0.7730803E+00  0.5117145E+03 -0.1059251E-02  0.5789389E-02
  0.1829513E-04 -0.1259313E+00 -0.1326555E-03  0.1142252E+01 -0.3464079E-05  0.2515957E-04
 -0.4420084E-04 -0.8297477E-02  0.1652579E-04  0.2997755E-02  0.8494946E+00 -0.1509944E+02
  0.4280528E-05  0.1009903E-02 -0.1412605E-05 -0.3436525E-03  0.1699612E-01  0.8062133E+00
 
  nonsymplectic matrix after backward rotation 
  0.7805738E+00  0.5150663E+03  0.1242962E-01 -0.5275703E+01  0.6056657E-03 -0.3988230E-02
 -0.1331744E-03  0.1149617E+01  0.4367403E-05 -0.1283037E-01  0.2602640E-05 -0.2530559E-04
 -0.1000224E-01  0.5314736E+01  0.7803468E+00  0.5148746E+03 -0.9931320E-03  0.5345191E-02
  0.2161218E-05  0.1358130E-01 -0.1331083E-03  0.1149177E+01 -0.3171870E-05  0.2225504E-04
 -0.4420084E-04 -0.8297477E-02  0.1652579E-04  0.2997755E-02  0.8494946E+00 -0.1509944E+02
  0.4280528E-05  0.1009903E-02 -0.1412605E-05 -0.3436525E-03  0.1699612E-01  0.8062133E+00
 
  symplectic matrix after backward rotation
  0.7805738E+00  0.3558474E+03  0.1242962E-01 -0.3644861E+01 -0.1002862E-03 -0.4321569E-02
 -0.2003566E-03  0.1194914E+01  0.6570614E-05 -0.1333590E-01 -0.6483437E-06 -0.4125346E-04
 -0.1000224E-01  0.3671828E+01  0.7803468E+00  0.3557149E+03  0.1644430E-03  0.5791946E-02
  0.3251482E-05  0.1411642E-01 -0.2002570E-03  0.1194456E+01  0.7901445E-06  0.3628043E-04
  0.2702117E-03  0.3504453E-01 -0.1010266E-03 -0.1266107E-01  0.8598896E+00  0.1000220E+03
  0.4145267E-05  0.6756713E-03 -0.1367967E-05 -0.2299192E-03 -0.2725295E-02  0.8459923E+00
 
  det1, det2, det3=    1.0040148   1.0033245   1.0000495
 
  symplecticity conditions aT*J*a
  0.0000000E+00  0.1003862E+01  0.7084990E-05 -0.2424378E-01 -0.4835490E-05 -0.2194700E-03
 -0.1003862E+01  0.0000000E+00 -0.2426519E-01 -0.1025834E+01 -0.7868074E-03 -0.4739918E-01
 -0.7084990E-05  0.2426519E-01  0.0000000E+00  0.1003183E+01  0.2093746E-05  0.8034594E-04
  0.2424378E-01  0.1025834E+01 -0.1003183E+01  0.0000000E+00  0.3178822E-03  0.1836581E-01
  0.4835490E-05  0.7868074E-03 -0.2093746E-05 -0.3178822E-03  0.0000000E+00  0.1000050E+01
  0.2194700E-03  0.4739918E-01 -0.8034594E-04 -0.1836581E-01 -0.1000050E+01  0.0000000E+00
 
  X-plane 
     cosmu   0.98774     sinmu   0.15608
      muX       8.98   deg
     betX     0.32999E+04  cm/rad
    alphX    -0.13273E+01
 
  Y-plane 
     cosmu   0.98740     sinmu   0.15823
      muY       9.10   deg
     betY     0.32539E+04  cm/rad
    alphY    -0.13085E+01
 
  Z-plane 
     cosmu   0.85294     sinmu   0.52201
      muZ      31.47   deg
     betZ     0.16776E+02   deg/%
    alphZ     0.13311E-01
 
  beam sigma matrix (sm) before
  0.2279849E+04  0.1327301E+01  0.0000000E+00  0.0000000E+00  0.0000000E+00  0.0000000E+00
  0.1327301E+01  0.1283648E-02  0.0000000E+00  0.0000000E+00  0.0000000E+00  0.0000000E+00
  0.0000000E+00  0.0000000E+00  0.2248022E+04  0.1308530E+01  0.0000000E+00  0.0000000E+00
  0.0000000E+00  0.0000000E+00  0.1308530E+01  0.1265570E-02  0.0000000E+00  0.0000000E+00
  0.0000000E+00  0.0000000E+00  0.0000000E+00  0.0000000E+00  0.1916104E+03 -0.1331141E-01
  0.0000000E+00  0.0000000E+00  0.0000000E+00  0.0000000E+00 -0.1331141E-01  0.5220798E-02
 
  beam sigma matrix (sm) after
  0.2289248E+04  0.1332627E+01  0.5184724E+01  0.3767253E-01  0.6397215E+00  0.1034330E-01
  0.1332627E+01  0.1288895E-02 -0.1167543E-01  0.1221687E-04  0.2229090E-03  0.5705372E-05
  0.5184724E+01 -0.1167543E-01  0.2255643E+04  0.1312701E+01 -0.2181884E+00 -0.3516797E-02
  0.3767253E-01  0.1221687E-04  0.1312701E+01  0.1270180E-02  0.2727349E-04 -0.1945980E-05
  0.6397215E+00  0.2229090E-03 -0.2181884E+00  0.2727349E-04  0.1916201E+03 -0.1330868E-01
  0.1034330E-01  0.5705372E-05 -0.3516797E-02 -0.1945980E-05 -0.1330868E-01  0.5221109E-02
 
 
 Charge State:     1.00
 Length of the section    440.3800 cm
 
  nonsymplectic matrix: (cm,rad,cm,rad,rad,rel.u.)
  0.7992488E+00  0.4440453E+03  0.1031766E+00  0.4722364E+02  0.4272913E-03 -0.2743475E-02
 -0.1565784E-03  0.1105051E+01 -0.2228958E-04  0.1152918E+00  0.2111267E-05 -0.1902171E-04
 -0.1039103E+00 -0.4747136E+02  0.7989222E+00  0.4441407E+03 -0.7918066E-03  0.3777477E-02
  0.1458287E-04 -0.1176496E+00 -0.1572058E-03  0.1106084E+01 -0.2939847E-05  0.1740357E-04
 -0.3079337E-04 -0.5454998E-02  0.1042227E-04  0.1650024E-02  0.8940898E+00 -0.1292992E+02
  0.3913610E-05  0.9726741E-03 -0.1012479E-05 -0.2350165E-03  0.1683684E-01  0.8128725E+00
 
  nonsymplectic matrix after backward rotation 
  0.8059025E+00  0.4465561E+03  0.1013653E-01 -0.4431726E+01  0.5159531E-03 -0.3161729E-02
 -0.1572145E-03  0.1111243E+01 -0.3968536E-05 -0.1333475E-01  0.2436936E-05 -0.2090590E-04
 -0.1082753E-01  0.4174647E+01  0.8054932E+00  0.4466222E+03 -0.7371079E-03  0.3435034E-02
 -0.3613989E-05  0.1087336E-01 -0.1587285E-03  0.1111997E+01 -0.2676097E-05  0.1508817E-04
 -0.3079337E-04 -0.5454998E-02  0.1042227E-04  0.1650024E-02  0.8940898E+00 -0.1292992E+02
  0.3913610E-05  0.9726741E-03 -0.1012479E-05 -0.2350165E-03  0.1683684E-01  0.8128725E+00
 
  symplectic matrix after backward rotation
  0.8059025E+00  0.2968201E+03  0.1013653E-01 -0.2945711E+01 -0.8439887E-04 -0.3264897E-02
 -0.2454301E-03  0.1153086E+01 -0.6195348E-05 -0.1383686E-01 -0.6223086E-06 -0.3370149E-04
 -0.1082753E-01  0.2774834E+01  0.8054932E+00  0.2968640E+03  0.1205750E-03  0.3547120E-02
 -0.5641859E-05  0.1128279E-01 -0.2477937E-03  0.1153868E+01  0.6833822E-06  0.2432297E-04
  0.1903378E-03  0.2241195E-01 -0.6442137E-04 -0.6779150E-02  0.9040142E+00  0.8252935E+02
  0.3968840E-05  0.6556479E-03 -0.1026768E-05 -0.1584170E-03 -0.2793013E-02  0.8512426E+00
 
  det1, det2, det3=    1.0021233   1.0029940   1.0000409
 
  symplecticity conditions aT*J*a
  0.0000000E+00  0.1002017E+01  0.4722499E-05 -0.2269281E-01 -0.4648456E-05 -0.1937270E-03
 -0.1002017E+01  0.0000000E+00 -0.2330297E-01 -0.8580595E+00 -0.7421706E-03 -0.4124330E-01
 -0.4722499E-05  0.2330297E-01  0.0000000E+00  0.1002836E+01  0.1681649E-05  0.5000937E-04
  0.2269281E-01  0.8580595E+00 -0.1002836E+01  0.0000000E+00  0.2265546E-03  0.1048515E-01
  0.4648456E-05  0.7421706E-03 -0.1681649E-05 -0.2265546E-03  0.0000000E+00  0.1000041E+01
  0.1937270E-03  0.4124330E-01 -0.5000937E-04 -0.1048515E-01 -0.1000041E+01  0.0000000E+00
 
  X-plane 
     cosmu   0.97949     sinmu   0.20147
      muX      11.62   deg
     betX     0.22165E+04  cm/rad
    alphX    -0.86161E+00
 
  Y-plane 
     cosmu   0.97968     sinmu   0.20056
      muY      11.57   deg
     betY     0.22268E+04  cm/rad
    alphY    -0.86849E+00
 
  Z-plane 
     cosmu   0.87763     sinmu   0.47934
      muZ      28.64   deg
     betZ     0.15627E+02   deg/%
    alphZ     0.55046E-01
 
  beam sigma matrix (sm) before
  0.1473253E+04  0.8616144E+00  0.0000000E+00  0.0000000E+00  0.0000000E+00  0.0000000E+00
  0.8616144E+00  0.1218181E-02  0.0000000E+00  0.0000000E+00  0.0000000E+00  0.0000000E+00
  0.0000000E+00  0.0000000E+00  0.1480149E+04  0.8684899E+00  0.0000000E+00  0.0000000E+00
  0.0000000E+00  0.0000000E+00  0.8684899E+00  0.1235487E-02  0.0000000E+00  0.0000000E+00
  0.0000000E+00  0.0000000E+00  0.0000000E+00  0.0000000E+00  0.1721723E+03 -0.5504588E-01
  0.0000000E+00  0.0000000E+00  0.0000000E+00  0.0000000E+00 -0.5504588E-01  0.5826768E-02
 
  beam sigma matrix (sm) after
  0.1476492E+04  0.8632954E+00 -0.1136880E+01  0.6647516E-02  0.2833343E+00  0.6433790E-02
  0.8632954E+00  0.1221210E-02 -0.2726980E-01 -0.1078684E-04  0.3997811E-04  0.3471757E-05
 -0.1136880E+01 -0.2726980E-01  0.1484711E+04  0.8710996E+00 -0.8361052E-01 -0.1761028E-02
  0.6647516E-02 -0.1078684E-04  0.8710996E+00  0.1239279E-02  0.6507915E-04 -0.1068949E-05
  0.2833343E+00  0.3997811E-04 -0.8361052E-01  0.6507915E-04  0.1721794E+03 -0.5504670E-01
  0.6433790E-02  0.3471757E-05 -0.1761028E-02 -0.1068949E-05 -0.5504670E-01  0.5827036E-02
 
 
 Charge State:     1.00
 Length of the section    499.1218 cm
 
  nonsymplectic matrix: (cm,rad,cm,rad,rad,rel.u.)
  0.8042776E+00  0.5079452E+03  0.9842464E-01  0.5151138E+02  0.6772769E-03 -0.4655588E-02
 -0.1220521E-03  0.1113696E+01 -0.1875967E-04  0.1109930E+00  0.2833311E-05 -0.2739001E-04
 -0.1008541E+00 -0.5198850E+02  0.8043849E+00  0.5083346E+03 -0.8161435E-03  0.3857879E-02
  0.7949486E-05 -0.1137781E+00 -0.1201373E-03  0.1116732E+01 -0.2569661E-05  0.1487887E-04
 -0.3212128E-04 -0.6132752E-02  0.9439668E-05  0.1342736E-02  0.8775237E+00 -0.1374326E+02
  0.3429284E-05  0.8341087E-03 -0.7468423E-06 -0.1239309E-03  0.1597639E-01  0.8292972E+00
 
  nonsymplectic matrix after backward rotation 
  0.8104982E+00  0.5105787E+03  0.8824686E-02 -0.5046085E+01  0.7634156E-03 -0.5053835E-02
 -0.1221823E-03  0.1119447E+01 -0.5352726E-05 -0.1324168E-01  0.3100219E-05 -0.2886803E-04
 -0.1125114E-01  0.4528814E+01  0.8103361E+00  0.5109129E+03 -0.7362003E-03  0.3319108E-02
 -0.5602944E-05  0.1013769E-01 -0.1214753E-03  0.1122156E+01 -0.2240413E-05  0.1175714E-04
 -0.3212128E-04 -0.6132752E-02  0.9439668E-05  0.1342736E-02  0.8775237E+00 -0.1374326E+02
  0.3429284E-05  0.8341087E-03 -0.7468423E-06 -0.1239309E-03  0.1597639E-01  0.8292972E+00
 
  symplectic matrix after backward rotation
  0.8104982E+00  0.3270599E+03  0.8824686E-02 -0.3232356E+01 -0.1235075E-03 -0.4983506E-02
 -0.1976042E-03  0.1159727E+01 -0.8656908E-05 -0.1371815E-01 -0.8111711E-06 -0.4603824E-04
 -0.1125114E-01  0.2901009E+01  0.8103361E+00  0.3272740E+03  0.1191045E-03  0.3272920E-02
 -0.9061582E-05  0.1050247E-01 -0.1964606E-03  0.1162534E+01  0.5862030E-06  0.1875009E-04
  0.2005471E-03  0.2452695E-01 -0.5893594E-04 -0.5370054E-02  0.8863693E+00  0.8461105E+02
  0.3634657E-05  0.5663008E-03 -0.7915691E-06 -0.8414032E-04 -0.2739498E-02  0.8667304E+00
 
  det1, det2, det3=    1.0045852   1.0063398   1.0000350
 
  symplecticity conditions aT*J*a
  0.0000000E+00  0.1004493E+01  0.4280775E-05 -0.2187147E-01 -0.4458421E-05 -0.1721919E-03
 -0.1004493E+01  0.0000000E+00 -0.2214601E-01 -0.8026683E+00 -0.6907600E-03 -0.3591479E-01
 -0.4280775E-05  0.2214601E-01  0.0000000E+00  0.1006191E+01  0.1353271E-05  0.3128138E-04
  0.2187147E-01  0.8026683E+00 -0.1006191E+01  0.0000000E+00  0.1436043E-03  0.4876796E-02
  0.4458421E-05  0.6907600E-03 -0.1353271E-05 -0.1436043E-03  0.0000000E+00  0.1000035E+01
  0.1721919E-03  0.3591479E-01 -0.3128138E-04 -0.4876796E-02 -0.1000035E+01  0.0000000E+00
 
  X-plane 
     cosmu   0.98511     sinmu   0.17191
      muX       9.90   deg
     betX     0.29700E+04  cm/rad
    alphX    -0.10157E+01
 
  Y-plane 
     cosmu   0.98644     sinmu   0.16415
      muY       9.45   deg
     betY     0.31124E+04  cm/rad
    alphY    -0.10728E+01
 
  Z-plane 
     cosmu   0.87655     sinmu   0.48131
      muZ      28.77   deg
     betZ     0.16525E+02   deg/%
    alphZ     0.20401E-01
 
  beam sigma matrix (sm) before
  0.1902508E+04  0.1015732E+01  0.0000000E+00  0.0000000E+00  0.0000000E+00  0.0000000E+00
  0.1015732E+01  0.1149464E-02  0.0000000E+00  0.0000000E+00  0.0000000E+00  0.0000000E+00
  0.0000000E+00  0.0000000E+00  0.1993726E+04  0.1072780E+01  0.0000000E+00  0.0000000E+00
  0.0000000E+00  0.0000000E+00  0.1072780E+01  0.1196822E-02  0.0000000E+00  0.0000000E+00
  0.0000000E+00  0.0000000E+00  0.0000000E+00  0.0000000E+00  0.1757929E+03 -0.2040142E-01
  0.0000000E+00  0.0000000E+00  0.0000000E+00  0.0000000E+00 -0.2040142E-01  0.5691740E-02
 
  beam sigma matrix (sm) after
  0.1911338E+04  0.1020191E+01 -0.4328508E+01 -0.6555611E-03  0.3830709E+00  0.7516268E-02
  0.1020191E+01  0.1155364E-02 -0.4006277E-01 -0.1897631E-04  0.4430715E-04  0.3759127E-05
 -0.4328508E+01 -0.4006277E-01  0.2006550E+04  0.1079663E+01 -0.1067102E+00 -0.1777675E-02
 -0.6555611E-03 -0.1897631E-04  0.1079663E+01  0.1204499E-02  0.4101492E-04 -0.9978749E-06
  0.3830709E+00  0.4430715E-04 -0.1067102E+00  0.4101492E-04  0.1757991E+03 -0.2040042E-01
  0.7516268E-02  0.3759127E-05 -0.1777675E-02 -0.9978749E-06 -0.2040042E-01  0.5691970E-02
 
 
 Charge State:     1.00
 Length of the section    440.3800 cm
 
  nonsymplectic matrix: (cm,rad,cm,rad,rad,rel.u.)
  0.8291925E+00  0.4419810E+03  0.9612884E-01  0.4248937E+02  0.5515885E-03 -0.3364976E-02
 -0.1389221E-03  0.1082299E+01 -0.1855469E-04  0.1020949E+00  0.2499360E-05 -0.2044372E-04
 -0.9753225E-01 -0.4274283E+02  0.8303201E+00  0.4422519E+03 -0.5243088E-03  0.2032788E-02
  0.1059308E-04 -0.1041906E+00 -0.1335149E-03  0.1084273E+01 -0.1792777E-05  0.7828984E-05
 -0.2272519E-04 -0.4099168E-02  0.6712269E-05  0.8024335E-03  0.9149086E+00 -0.1177868E+02
  0.3225650E-05  0.8172682E-03 -0.5906823E-06 -0.5889541E-04  0.1560546E-01  0.8373734E+00
 
  nonsymplectic matrix after backward rotation 
  0.8348459E+00  0.4440273E+03  0.8735181E-02 -0.4011146E+01  0.6034136E-03 -0.3559176E-02
 -0.1392680E-03  0.1087260E+01 -0.4484854E-05 -0.1189948E-01  0.2673201E-05 -0.2115058E-04
 -0.1024886E-01  0.3730735E+01  0.8358205E+00  0.4442701E+03 -0.4637258E-03  0.1669597E-02
 -0.3998761E-05  0.9608741E-02 -0.1347234E-03  0.1089004E+01 -0.1521462E-05  0.5647249E-05
 -0.2272519E-04 -0.4099168E-02  0.6712269E-05  0.8024335E-03  0.9149086E+00 -0.1177868E+02
  0.3225650E-05  0.8172682E-03 -0.5906823E-06 -0.5889541E-04  0.1560546E-01  0.8373734E+00
 
  symplectic matrix after backward rotation
  0.8348459E+00  0.2745503E+03  0.8735181E-02 -0.2480166E+01 -0.9664771E-04 -0.3358069E-02
 -0.2329853E-03  0.1124664E+01 -0.7502837E-05 -0.1230885E-01 -0.7162840E-06 -0.3338409E-04
 -0.1024886E-01  0.2306782E+01  0.8358205E+00  0.2747005E+03  0.7427416E-04  0.1575258E-02
 -0.6689638E-05  0.9939303E-02 -0.2253825E-03  0.1126468E+01  0.4076756E-06  0.8913621E-05
  0.1431843E-03  0.1596967E-01 -0.4229190E-04 -0.3126146E-02  0.9232983E+00  0.7002038E+02
  0.3566425E-05  0.5587181E-03 -0.6530852E-06 -0.4026332E-04 -0.2763559E-02  0.8735246E+00
 
  det1, det2, det3=    1.0028874   1.0034381   1.0000293
 
  symplecticity conditions aT*J*a
  0.0000000E+00  0.1002801E+01  0.3672765E-05 -0.2056120E-01 -0.4312758E-05 -0.1533812E-03
 -0.1002801E+01  0.0000000E+00 -0.2071142E-01 -0.7218563E+00 -0.6477542E-03 -0.3055577E-01
 -0.3672765E-05  0.2071142E-01  0.0000000E+00  0.1003312E+01  0.1070370E-05  0.1627467E-04
  0.2056120E-01  0.7218563E+00 -0.1003312E+01  0.0000000E+00  0.7472240E-04  0.8040495E-03
  0.4312758E-05  0.6477542E-03 -0.1070370E-05 -0.7472240E-04  0.0000000E+00  0.1000029E+01
  0.1533812E-03  0.3055577E-01 -0.1627467E-04 -0.8040495E-03 -0.1000029E+01  0.0000000E+00
 
  X-plane 
     cosmu   0.97976     sinmu   0.20020
      muX      11.55   deg
     betX     0.22179E+04  cm/rad
    alphX    -0.72382E+00
 
  Y-plane 
     cosmu   0.98114     sinmu   0.19328
      muY      11.14   deg
     betY     0.22986E+04  cm/rad
    alphY    -0.75190E+00
 
  Z-plane 
     cosmu   0.89841     sinmu   0.43915
      muZ      26.05   deg
     betZ     0.15508E+02   deg/%
    alphZ     0.56670E-01
 
  beam sigma matrix (sm) before
  0.1371379E+04  0.7238216E+00  0.0000000E+00  0.0000000E+00  0.0000000E+00  0.0000000E+00
  0.7238216E+00  0.1163762E-02  0.0000000E+00  0.0000000E+00  0.0000000E+00  0.0000000E+00
  0.0000000E+00  0.0000000E+00  0.1421287E+04  0.7518993E+00  0.0000000E+00  0.0000000E+00
  0.0000000E+00  0.0000000E+00  0.7518993E+00  0.1166118E-02  0.0000000E+00  0.0000000E+00
  0.0000000E+00  0.0000000E+00  0.0000000E+00  0.0000000E+00  0.1594435E+03 -0.5666995E-01
  0.0000000E+00  0.0000000E+00  0.0000000E+00  0.0000000E+00 -0.5666995E-01  0.6292906E-02
 
  beam sigma matrix (sm) after
  0.1375422E+04  0.7257872E+00 -0.1811597E+01  0.1956343E-02  0.1915313E+00  0.5329391E-02
  0.7257872E+00  0.1167518E-02 -0.2457942E-01 -0.1000992E-04 -0.2564344E-04  0.2576957E-05
 -0.1811597E+01 -0.2457942E-01  0.1426290E+04  0.7545202E+00 -0.5253943E-01 -0.1023236E-02
  0.1956343E-02 -0.1000992E-04  0.7545202E+00  0.1170207E-02  0.3583294E-04 -0.5427437E-06
  0.1915313E+00 -0.2564344E-04 -0.5253943E-01  0.3583294E-04  0.1594482E+03 -0.5667075E-01
  0.5329391E-02  0.2576957E-05 -0.1023236E-02 -0.5427437E-06 -0.5667075E-01  0.6293111E-02
 
 
 Charge State:     1.00
 Length of the section    499.1218 cm
 
  nonsymplectic matrix: (cm,rad,cm,rad,rad,rel.u.)
  0.8038932E+00  0.5043212E+03  0.9470334E-01  0.4896216E+02  0.6290572E-03 -0.4154298E-02
 -0.1670812E-03  0.1091302E+01 -0.1967922E-04  0.1044695E+00  0.2464086E-05 -0.2222794E-04
 -0.9582966E-01 -0.4922875E+02  0.8053172E+00  0.5045717E+03 -0.4493177E-03  0.1469305E-02
  0.1483684E-04 -0.1058697E+00 -0.1615713E-03  0.1092903E+01 -0.1136297E-05  0.2432368E-05
 -0.2504363E-04 -0.4814493E-02  0.5996005E-05  0.4806825E-03  0.9013089E+00 -0.1258076E+02
  0.3000482E-05  0.7460228E-03 -0.4271558E-06  0.8057267E-07  0.1464192E-01  0.8522949E+00
 
  nonsymplectic matrix after backward rotation 
  0.8095200E+00  0.5066991E+03  0.8980451E-02 -0.4689330E+01  0.6730592E-03 -0.4286420E-02
 -0.1677132E-03  0.1096378E+01 -0.2476776E-05 -0.1173078E-01  0.2570465E-05 -0.2236052E-04
 -0.1025109E-01  0.4397734E+01  0.8108168E+00  0.5069200E+03 -0.3802509E-03  0.1021593E-02
 -0.2921305E-05  0.1016902E-01 -0.1627465E-03  0.1097822E+01 -0.8692543E-06  0.6730924E-07
 -0.2504363E-04 -0.4814493E-02  0.5996005E-05  0.4806825E-03  0.9013089E+00 -0.1258076E+02
  0.3000482E-05  0.7460228E-03 -0.4271558E-06  0.8057267E-07  0.1464192E-01  0.8522949E+00
 
  symplectic matrix after backward rotation
  0.8095200E+00  0.3028817E+03  0.8980451E-02 -0.2803068E+01 -0.1068231E-03 -0.3876848E-02
 -0.2898081E-03  0.1132469E+01 -0.4279865E-05 -0.1211694E-01 -0.7049642E-06 -0.3494696E-04
 -0.1025109E-01  0.2628765E+01  0.8108168E+00  0.3030137E+03  0.6035071E-04  0.9239791E-03
 -0.5048010E-05  0.1050377E-01 -0.2812256E-03  0.1133961E+01  0.2383978E-06  0.1051967E-06
  0.1591112E-03  0.1828423E-01 -0.3809477E-04 -0.1825511E-02  0.9088435E+00  0.7229271E+02
  0.3454528E-05  0.5134199E-03 -0.4917949E-06  0.5545087E-07 -0.2675519E-02  0.8875069E+00
 
  det1, det2, det3=    1.0045340   1.0046499   1.0000253
 
  symplecticity conditions aT*J*a
  0.0000000E+00  0.1004440E+01  0.6113907E-05 -0.2071598E-01 -0.4169110E-05 -0.1379351E-03
 -0.1004440E+01  0.0000000E+00 -0.2072228E-01 -0.6974800E+00 -0.6080922E-03 -0.2709294E-01
 -0.6113907E-05  0.2072228E-01  0.0000000E+00  0.1004529E+01  0.7523689E-06  0.1758524E-05
  0.2071598E-01  0.6974800E+00 -0.1004529E+01  0.0000000E+00  0.9317939E-05 -0.2589059E-02
  0.4169110E-05  0.6080922E-03 -0.7523689E-06 -0.9317939E-05  0.0000000E+00  0.1000025E+01
  0.1379351E-03  0.2709294E-01 -0.1758524E-05  0.2589059E-02 -0.1000025E+01  0.0000000E+00
 
  X-plane 
     cosmu   0.97099     sinmu   0.23910
      muX      13.83   deg
     betX     0.21192E+04  cm/rad
    alphX    -0.67534E+00
 
  Y-plane 
     cosmu   0.97239     sinmu   0.23337
      muY      13.50   deg
     betY     0.21722E+04  cm/rad
    alphY    -0.69235E+00
 
  Z-plane 
     cosmu   0.89818     sinmu   0.43964
      muZ      26.08   deg
     betZ     0.16533E+02   deg/%
    alphZ     0.24266E-01
 
  beam sigma matrix (sm) before
  0.1266750E+04  0.6753396E+00  0.0000000E+00  0.0000000E+00  0.0000000E+00  0.0000000E+00
  0.6753396E+00  0.1212072E-02  0.0000000E+00  0.0000000E+00  0.0000000E+00  0.0000000E+00
  0.0000000E+00  0.0000000E+00  0.1298448E+04  0.6923549E+00  0.0000000E+00  0.0000000E+00
  0.0000000E+00  0.0000000E+00  0.6923549E+00  0.1205084E-02  0.0000000E+00  0.0000000E+00
  0.0000000E+00  0.0000000E+00  0.0000000E+00  0.0000000E+00  0.1644370E+03 -0.2426609E-01
  0.0000000E+00  0.0000000E+00  0.0000000E+00  0.0000000E+00 -0.2426609E-01  0.6085735E-02
 
  beam sigma matrix (sm) after
  0.1272573E+04  0.6783256E+00 -0.1465156E+01  0.3876062E-02  0.1946437E+00  0.4741592E-02
  0.6783256E+00  0.1217840E-02 -0.1761335E-01 -0.5641572E-05 -0.3336401E-04  0.2119242E-05
 -0.1465156E+01 -0.1761335E-01  0.1304591E+04  0.6955917E+00 -0.4234219E-01 -0.6843326E-03
  0.3876062E-02 -0.5641572E-05  0.6955917E+00  0.1210782E-02  0.1739845E-04 -0.3087049E-06
  0.1946437E+00 -0.3336401E-04 -0.4234219E-01  0.1739845E-04  0.1644412E+03 -0.2426587E-01
  0.4741592E-02  0.2119242E-05 -0.6843326E-03 -0.3087049E-06 -0.2426587E-01  0.6085907E-02
 
 
 Charge State:     1.00
 Length of the section    440.3800 cm
 
  nonsymplectic matrix: (cm,rad,cm,rad,rad,rel.u.)
  0.8550416E+00  0.4416149E+03  0.9114992E-01  0.3897717E+02  0.3872138E-03 -0.2499988E-02
 -0.1083885E-03  0.1072978E+01 -0.1152865E-04  0.9315392E-01  0.1677149E-05 -0.1385151E-04
 -0.9128600E-01 -0.3907149E+02  0.8553635E+00  0.4415485E+03 -0.2694609E-03  0.7079560E-03
  0.9626141E-05 -0.9412059E-01 -0.1067860E-03  0.1072631E+01 -0.8688227E-06  0.1703605E-05
 -0.1891927E-04 -0.3346515E-02  0.4259318E-05  0.2435949E-03  0.9324379E+00 -0.1078866E+02
  0.3014282E-05  0.7423950E-03 -0.2056388E-06  0.8339118E-04  0.1417939E-01  0.8597780E+00
 
  nonsymplectic matrix after backward rotation 
  0.8598557E+00  0.4433261E+03  0.8627026E-02 -0.3584804E+01  0.4112901E-03 -0.2556398E-02
 -0.1088120E-03  0.1077058E+01 -0.1225564E-05 -0.1023261E-01  0.1752799E-05 -0.1395108E-04
 -0.8793377E-02  0.3497301E+01  0.8601631E+00  0.4432510E+03 -0.2310500E-03  0.4647260E-03
 -0.8219746E-06  0.9303747E-02 -0.1073995E-03  0.1076620E+01 -0.7038301E-06  0.3662019E-06
 -0.1891927E-04 -0.3346515E-02  0.4259318E-05  0.2435949E-03  0.9324379E+00 -0.1078866E+02
  0.3014282E-05  0.7423950E-03 -0.2056388E-06  0.8339118E-04  0.1417939E-01  0.8597780E+00
 
  symplectic matrix after backward rotation
  0.8598557E+00  0.2565547E+03  0.8627026E-02 -0.2074541E+01 -0.6473586E-04 -0.2220398E-02
 -0.1939559E-03  0.1111020E+01 -0.2184550E-05 -0.1055526E-01 -0.4917619E-06 -0.2159912E-04
 -0.8793377E-02  0.2023903E+01  0.8601631E+00  0.2565112E+03  0.3636660E-04  0.4036447E-03
 -0.1465158E-05  0.9597115E-02 -0.1914382E-03  0.1110568E+01  0.1974652E-06  0.5669556E-06
  0.1211191E-03  0.1239817E-01 -0.2726767E-04 -0.9024702E-03  0.9395602E+00  0.5998987E+02
  0.3607735E-05  0.5142123E-03 -0.2461250E-06  0.5776005E-04 -0.2671191E-02  0.8937980E+00
 
  det1, det2, det3=    1.0050773   1.0043755   1.0000214
 
  symplecticity conditions aT*J*a
  0.0000000E+00  0.1004996E+01  0.2738597E-05 -0.1886817E-01 -0.4150300E-05 -0.1271787E-03
 -0.1004996E+01  0.0000000E+00 -0.1878778E-01 -0.6172303E+00 -0.5704417E-03 -0.2284325E-01
 -0.2738597E-05  0.1878778E-01  0.0000000E+00  0.1004280E+01  0.4765169E-06 -0.9233022E-05
  0.1886817E-01  0.6172303E+00 -0.1004280E+01  0.0000000E+00 -0.4125703E-04 -0.4553117E-02
  0.4150300E-05  0.5704417E-03 -0.4765169E-06  0.4125703E-04  0.0000000E+00  0.1000021E+01
  0.1271787E-03  0.2284325E-01  0.9233022E-05  0.4553117E-02 -0.1000021E+01  0.0000000E+00
 
  X-plane 
     cosmu   0.98544     sinmu   0.17004
      muX       9.79   deg
     betX     0.26073E+04  cm/rad
    alphX    -0.73856E+00
 
  Y-plane 
     cosmu   0.98537     sinmu   0.17046
      muY       9.81   deg
     betY     0.26004E+04  cm/rad
    alphY    -0.73452E+00
 
  Z-plane 
     cosmu   0.91668     sinmu   0.39962
      muZ      23.55   deg
     betZ     0.15586E+02   deg/%
    alphZ     0.57257E-01
 
  beam sigma matrix (sm) before
  0.1508828E+04  0.7385633E+00  0.0000000E+00  0.0000000E+00  0.0000000E+00  0.0000000E+00
  0.7385633E+00  0.1140678E-02  0.0000000E+00  0.0000000E+00  0.0000000E+00  0.0000000E+00
  0.0000000E+00  0.0000000E+00  0.1504860E+04  0.7345174E+00  0.0000000E+00  0.0000000E+00
  0.0000000E+00  0.0000000E+00  0.7345174E+00  0.1123100E-02  0.0000000E+00  0.0000000E+00
  0.0000000E+00  0.0000000E+00  0.0000000E+00  0.0000000E+00  0.1501157E+03 -0.5725665E-01
  0.0000000E+00  0.0000000E+00  0.0000000E+00  0.0000000E+00 -0.5725665E-01  0.6684260E-02
 
  beam sigma matrix (sm) after
  0.1516579E+04  0.7422459E+00 -0.3127841E+00  0.8980977E-02  0.1815933E+00  0.5854298E-02
  0.7422459E+00  0.1146635E-02 -0.1531617E-01 -0.2819483E-05  0.3020443E-05  0.2574529E-05
 -0.3127841E+00 -0.1531617E-01  0.1511540E+04  0.7377083E+00 -0.3759704E-01 -0.3704267E-03
  0.8980977E-02 -0.2819483E-05  0.7377083E+00  0.1128101E-02  0.1269634E-04 -0.1290889E-06
  0.1815933E+00  0.3020443E-05 -0.3759704E-01  0.1269634E-04  0.1501190E+03 -0.5725713E-01
  0.5854298E-02  0.2574529E-05 -0.3704267E-03 -0.1290889E-06 -0.5725713E-01  0.6684426E-02
 
 
 Charge State:     1.00
 Length of the section    499.1218 cm
 
  nonsymplectic matrix: (cm,rad,cm,rad,rad,rel.u.)
  0.8487533E+00  0.5042440E+03  0.8942274E-01  0.4389851E+02  0.3415041E-03 -0.2565614E-02
 -0.9622045E-04  0.1082950E+01 -0.9898709E-05  0.9304594E-01  0.1239694E-05 -0.1187110E-04
 -0.8947419E-01 -0.4402843E+02  0.8477497E+00  0.5038824E+03 -0.2948037E-03  0.5991062E-03
  0.8919688E-05 -0.9365458E-01 -0.1010265E-03  0.1080769E+01 -0.7700057E-06 -0.2414153E-07
 -0.2162686E-04 -0.4040660E-02  0.2570792E-05 -0.2333517E-03  0.9203857E+00 -0.1156917E+02
  0.2922920E-05  0.7083424E-03  0.4655359E-07  0.1468695E-03  0.1334235E-01  0.8718258E+00
 
  nonsymplectic matrix after backward rotation 
  0.8534136E+00  0.5061467E+03  0.8582359E-02 -0.4109360E+01  0.3679352E-03 -0.2610884E-02
 -0.9663268E-04  0.1086950E+01 -0.2683664E-06 -0.9920347E-02  0.1307161E-05 -0.1181525E-04
 -0.8538362E-02  0.4014345E+01  0.8524097E+00  0.5057743E+03 -0.2610707E-03  0.3529704E-03
 -0.2502288E-06  0.9521363E-02 -0.1015099E-03  0.1084722E+01 -0.6489060E-06 -0.1150397E-05
 -0.2162686E-04 -0.4040660E-02  0.2570792E-05 -0.2333517E-03  0.9203857E+00 -0.1156917E+02
  0.2922920E-05  0.7083424E-03  0.4655359E-07  0.1468695E-03  0.1334235E-01  0.8718258E+00
 
  symplectic matrix after backward rotation
  0.8534136E+00  0.2839555E+03  0.8582359E-02 -0.2305409E+01 -0.5747292E-04 -0.2181408E-02
 -0.1774553E-03  0.1119821E+01 -0.4928254E-06 -0.1022035E-01 -0.3749610E-06 -0.1812830E-04
 -0.8538362E-02  0.2252105E+01  0.8524097E+00  0.2837466E+03  0.4078028E-04  0.2949086E-03
 -0.4595176E-06  0.9809298E-02 -0.1864118E-03  0.1117525E+01  0.1861395E-06 -0.1765070E-05
  0.1394214E-03  0.1461377E-01 -0.1657307E-04  0.8439580E-03  0.9268252E+00  0.6231427E+02
  0.3631095E-05  0.4936712E-03  0.5783276E-07  0.1023590E-03 -0.2589077E-02  0.9048981E+00
 
  det1, det2, det3=    1.0060596   1.0054826   1.0000187
 
  symplecticity conditions aT*J*a
  0.0000000E+00  0.1005977E+01  0.3085818E-05 -0.1854272E-01 -0.4058130E-05 -0.1159497E-03
 -0.1005977E+01  0.0000000E+00 -0.1853199E-01 -0.5870495E+00 -0.5374768E-03 -0.2025051E-01
 -0.3085818E-05  0.1853199E-01  0.0000000E+00  0.1005394E+01  0.1523308E-06 -0.2020699E-04
  0.1854272E-01  0.5870495E+00 -0.1005394E+01  0.0000000E+00 -0.8953345E-04 -0.6425633E-02
  0.4058130E-05  0.5374768E-03 -0.1523308E-06  0.8953345E-04  0.0000000E+00  0.1000019E+01
  0.1159497E-03  0.2025051E-01  0.2020699E-04  0.6425633E-02 -0.1000019E+01  0.0000000E+00
 
  X-plane 
     cosmu   0.98662     sinmu   0.16305
      muX       9.38   deg
     betX     0.31042E+04  cm/rad
    alphX    -0.81693E+00
 
  Y-plane 
     cosmu   0.98497     sinmu   0.17274
      muY       9.95   deg
     betY     0.29279E+04  cm/rad
    alphY    -0.76737E+00
 
  Z-plane 
     cosmu   0.91586     sinmu   0.40149
      muZ      23.67   deg
     betZ     0.16625E+02   deg/%
    alphZ     0.27307E-01
 
  beam sigma matrix (sm) before
  0.1741480E+04  0.8169281E+00  0.0000000E+00  0.0000000E+00  0.0000000E+00  0.0000000E+00
  0.8169281E+00  0.1088321E-02  0.0000000E+00  0.0000000E+00  0.0000000E+00  0.0000000E+00
  0.0000000E+00  0.0000000E+00  0.1642608E+04  0.7673747E+00  0.0000000E+00  0.0000000E+00
  0.0000000E+00  0.0000000E+00  0.7673747E+00  0.1079137E-02  0.0000000E+00  0.0000000E+00
  0.0000000E+00  0.0000000E+00  0.0000000E+00  0.0000000E+00  0.1552060E+03 -0.2730686E-01
  0.0000000E+00  0.0000000E+00  0.0000000E+00  0.0000000E+00 -0.2730686E-01  0.6448605E-02
 
  beam sigma matrix (sm) after
  0.1752129E+04  0.8218304E+00 -0.7326999E+00  0.1136221E-01  0.2450630E+00  0.6748356E-02
  0.8218304E+00  0.1095037E-02 -0.1336629E-01 -0.8806579E-06  0.4015833E-04  0.2780926E-05
 -0.7326999E+00 -0.1336629E-01  0.1651714E+04  0.7715435E+00 -0.2197821E-01  0.1266676E-03
  0.1136221E-01 -0.8806579E-06  0.7715435E+00  0.1085151E-02  0.1871016E-04  0.8214005E-07
  0.2450630E+00  0.4015833E-04 -0.2197821E-01  0.1871016E-04  0.1552089E+03 -0.2730638E-01
  0.6748356E-02  0.2780926E-05  0.1266676E-03  0.8214005E-07 -0.2730638E-01  0.6448752E-02
